name,model,rebar_version,engine,engine_version,err,haystack_len,iters,total,median,mad,mean,stddev,min,max
captures/contiguous-letters,count-captures,0.1.0 (rev 8e952148cc),rust/regex,1.12.2,,61436,157,4.51s,18.96ms,178.77us,19.13ms,622.23us,18.44ms,22.83ms
curated/01-literal/sherlock-en,count,0.1.0 (rev 8e952148cc),rust/regex,1.12.2,,899232,71319,4.62s,39.05us,830.00ns,41.92us,23.23us,37.84us,5.83ms
curated/01-literal/sherlock-en,count,0.1.0 (rev 8e952148cc),quickjs/pure-rust,0.1.0,,899232,73835,4.57s,38.45us,1.23us,40.48us,7.27us,35.55us,217.36us
curated/01-literal/sherlock-en,count,0.1.0 (rev 8e952148cc),quickjs/hybrid,0.1.0,,899232,72791,4.62s,38.51us,1.13us,41.06us,7.95us,35.34us,311.51us
curated/01-literal/sherlock-casei-en,count,0.1.0 (rev 8e952148cc),rust/regex,1.12.2,,899232,20096,4.57s,141.85us,2.19us,149.10us,16.36us,138.78us,353.21us
curated/01-literal/sherlock-casei-en,count,0.1.0 (rev 8e952148cc),quickjs/pure-rust,0.1.0,,899232,5915,4.51s,492.36us,8.24us,507.05us,36.64us,482.62us,779.54us
curated/01-literal/sherlock-casei-en,count,0.1.0 (rev 8e952148cc),quickjs/hybrid,0.1.0,,899232,5967,4.51s,493.39us,7.37us,502.68us,25.13us,484.47us,797.20us
curated/01-literal/sherlock-ru,count,0.1.0 (rev 8e952148cc),rust/regex,1.12.2,,1570556,42279,4.57s,65.84us,1.89us,70.79us,12.15us,63.30us,833.95us
curated/01-literal/sherlock-ru,count,0.1.0 (rev 8e952148cc),quickjs/pure-rust,0.1.0,,1570556,42329,4.57s,66.99us,1.56us,70.72us,10.47us,60.84us,373.61us
curated/01-literal/sherlock-ru,count,0.1.0 (rev 8e952148cc),quickjs/hybrid,0.1.0,,1570556,42021,4.57s,66.06us,2.45us,71.23us,12.49us,60.56us,317.98us
curated/01-literal/sherlock-casei-ru,count,0.1.0 (rev 8e952148cc),rust/regex,1.12.2,,1570556,8716,4.56s,331.42us,16.88us,344.11us,38.64us,308.90us,726.92us
curated/01-literal/sherlock-casei-ru,count,0.1.0 (rev 8e952148cc),quickjs/pure-rust,0.1.0,timeout: exceeded 10s,,0,0.00ns,0.00ns,0.00ns,0.00ns,0.00ns,0.00ns,0.00ns
curated/01-literal/sherlock-casei-ru,count,0.1.0 (rev 8e952148cc),quickjs/hybrid,0.1.0,timeout: exceeded 10s,,0,0.00ns,0.00ns,0.00ns,0.00ns,0.00ns,0.00ns,0.00ns
curated/01-literal/sherlock-zh,count,0.1.0 (rev 8e952148cc),rust/regex,1.12.2,,813478,108402,4.67s,25.31us,290.00ns,27.54us,5.83us,24.79us,313.92us
curated/01-literal/sherlock-zh,count,0.1.0 (rev 8e952148cc),quickjs/pure-rust,0.1.0,,813478,98528,4.68s,29.02us,1.16us,30.30us,9.23us,24.78us,1.66ms
curated/01-literal/sherlock-zh,count,0.1.0 (rev 8e952148cc),quickjs/hybrid,0.1.0,,813478,98841,4.68s,28.36us,1.43us,30.20us,6.38us,24.68us,235.22us
curated/02-literal-alternate/sherlock-en,count,0.1.0 (rev 8e952148cc),quickjs/hybrid,0.1.0,,899232,1781,4.51s,1.67ms,27.20us,1.68ms,48.88us,1.63ms,1.99ms
curated/02-literal-alternate/sherlock-en,count,0.1.0 (rev 8e952148cc),quickjs/pure-rust,0.1.0,,899232,1786,4.51s,1.67ms,23.01us,1.68ms,45.64us,1.63ms,1.98ms
curated/02-literal-alternate/sherlock-en,count,0.1.0 (rev 8e952148cc),rust/regex,1.12.2,,899232,24317,4.57s,115.59us,1.53us,123.18us,40.97us,113.45us,4.21ms
curated/02-literal-alternate/sherlock-casei-en,count,0.1.0 (rev 8e952148cc),quickjs/hybrid,0.1.0,,899232,36,4.67s,85.36ms,671.87us,85.68ms,1.54ms,83.52ms,90.40ms
curated/02-literal-alternate/sherlock-casei-en,count,0.1.0 (rev 8e952148cc),quickjs/pure-rust,0.1.0,,899232,35,4.61s,87.67ms,1.39ms,87.94ms,2.82ms,83.21ms,98.39ms
curated/02-literal-alternate/sherlock-casei-en,count,0.1.0 (rev 8e952148cc),rust/regex,1.12.2,,899232,4942,4.51s,586.16us,20.23us,606.91us,58.09us,557.70us,0.95ms
curated/02-literal-alternate/sherlock-ru,count,0.1.0 (rev 8e952148cc),quickjs/hybrid,0.1.0,,1570556,1022,4.56s,2.92ms,35.84us,2.94ms,78.62us,2.85ms,4.19ms
curated/02-literal-alternate/sherlock-ru,count,0.1.0 (rev 8e952148cc),quickjs/pure-rust,0.1.0,,1570556,1014,4.51s,2.93ms,39.98us,2.96ms,93.57us,2.85ms,3.64ms
curated/02-literal-alternate/sherlock-ru,count,0.1.0 (rev 8e952148cc),rust/regex,1.12.2,,1570556,6765,4.56s,435.03us,10.83us,443.25us,26.33us,421.52us,852.81us
curated/02-literal-alternate/sherlock-casei-ru,count,0.1.0 (rev 8e952148cc),quickjs/hybrid,0.1.0,timeout: exceeded 10s,,0,0.00ns,0.00ns,0.00ns,0.00ns,0.00ns,0.00ns,0.00ns
curated/02-literal-alternate/sherlock-casei-ru,count,0.1.0 (rev 8e952148cc),quickjs/pure-rust,0.1.0,timeout: exceeded 10s,,0,0.00ns,0.00ns,0.00ns,0.00ns,0.00ns,0.00ns,0.00ns
curated/02-literal-alternate/sherlock-casei-ru,count,0.1.0 (rev 8e952148cc),rust/regex,1.12.2,,1570556,1678,4.51s,1.75ms,30.15us,1.79ms,103.63us,1.70ms,2.43ms
curated/02-literal-alternate/sherlock-zh,count,0.1.0 (rev 8e952148cc),quickjs/hybrid,0.1.0,,813478,1978,4.51s,1.51ms,22.22us,1.52ms,43.74us,1.47ms,1.86ms
curated/02-literal-alternate/sherlock-zh,count,0.1.0 (rev 8e952148cc),quickjs/pure-rust,0.1.0,,813478,1979,4.51s,1.50ms,19.61us,1.52ms,148.18us,1.47ms,5.68ms
curated/02-literal-alternate/sherlock-zh,count,0.1.0 (rev 8e952148cc),rust/regex,1.12.2,,813478,31109,4.57s,88.33us,1.56us,96.26us,15.26us,86.47us,398.88us
curated/03-date/ascii,count-spans,0.1.0 (rev 8e952148cc),quickjs/hybrid,0.1.0,"count mismatch, expected 111817, got 70",,0,0.00ns,0.00ns,0.00ns,0.00ns,0.00ns,0.00ns,0.00ns
curated/03-date/ascii,count-spans,0.1.0 (rev 8e952148cc),quickjs/pure-rust,0.1.0,"count mismatch, expected 111817, got 70",,0,0.00ns,0.00ns,0.00ns,0.00ns,0.00ns,0.00ns,0.00ns
curated/03-date/ascii,count-spans,0.1.0 (rev 8e952148cc),rust/regex,1.12.2,,268796,833,4.51s,3.53ms,68.11us,3.60ms,242.14us,3.40ms,5.51ms
curated/03-date/unicode,count-spans,0.1.0 (rev 8e952148cc),quickjs/hybrid,0.1.0,"count mismatch, expected 111841, got 70",,0,0.00ns,0.00ns,0.00ns,0.00ns,0.00ns,0.00ns,0.00ns
curated/03-date/unicode,count-spans,0.1.0 (rev 8e952148cc),quickjs/pure-rust,0.1.0,"count mismatch, expected 111841, got 70",,0,0.00ns,0.00ns,0.00ns,0.00ns,0.00ns,0.00ns,0.00ns
curated/03-date/unicode,count-spans,0.1.0 (rev 8e952148cc),rust/regex,1.12.2,,268796,821,4.56s,3.56ms,61.94us,3.66ms,302.35us,3.43ms,5.33ms
curated/03-date/compile-ascii,compile,0.1.0 (rev 8e952148cc),quickjs/hybrid,0.1.0,,,2133,4.51s,1.35ms,56.72us,1.39ms,127.63us,1.26ms,2.66ms
curated/03-date/compile-ascii,compile,0.1.0 (rev 8e952148cc),quickjs/pure-rust,0.1.0,,,2160,4.51s,1.32ms,41.27us,1.37ms,133.26us,1.26ms,1.93ms
curated/03-date/compile-ascii,compile,0.1.0 (rev 8e952148cc),rust/regex,1.12.2,,,838,4.51s,3.19ms,78.74us,3.29ms,294.88us,3.03ms,4.59ms
curated/03-date/compile-unicode,compile,0.1.0 (rev 8e952148cc),quickjs/hybrid,0.1.0,"failed to run command for 'quickjs/hybrid', last line of stderr is: note: run with `RUST_BACKTRACE=1` environment variable to display a backtrace",,0,0.00ns,0.00ns,0.00ns,0.00ns,0.00ns,0.00ns,0.00ns
curated/03-date/compile-unicode,compile,0.1.0 (rev 8e952148cc),quickjs/pure-rust,0.1.0,"count mismatch, expected 5, got 2",,0,0.00ns,0.00ns,0.00ns,0.00ns,0.00ns,0.00ns,0.00ns
curated/03-date/compile-unicode,compile,0.1.0 (rev 8e952148cc),rust/regex,1.12.2,,,196,4.56s,14.33ms,409.69us,14.45ms,737.47us,13.29ms,19.00ms
curated/04-ruff-noqa/real,grep-captures,0.1.0 (rev 8e952148cc),quickjs/hybrid,0.1.0,timeout: exceeded 10s,,0,0.00ns,0.00ns,0.00ns,0.00ns,0.00ns,0.00ns,0.00ns
curated/04-ruff-noqa/real,grep-captures,0.1.0 (rev 8e952148cc),quickjs/pure-rust,0.1.0,timeout: exceeded 10s,,0,0.00ns,0.00ns,0.00ns,0.00ns,0.00ns,0.00ns,0.00ns
curated/04-ruff-noqa/real,grep-captures,0.1.0 (rev 8e952148cc),rust/regex,1.12.2,,32514634,67,4.61s,43.56ms,716.91us,44.96ms,3.68ms,42.30ms,57.78ms
curated/04-ruff-noqa/tweaked,grep-captures,0.1.0 (rev 8e952148cc),quickjs/hybrid,0.1.0,timeout: exceeded 10s,,0,0.00ns,0.00ns,0.00ns,0.00ns,0.00ns,0.00ns,0.00ns
curated/04-ruff-noqa/tweaked,grep-captures,0.1.0 (rev 8e952148cc),quickjs/pure-rust,0.1.0,timeout: exceeded 10s,,0,0.00ns,0.00ns,0.00ns,0.00ns,0.00ns,0.00ns,0.00ns
curated/04-ruff-noqa/tweaked,grep-captures,0.1.0 (rev 8e952148cc),rust/regex,1.12.2,,32514634,63,4.61s,46.54ms,1.06ms,47.80ms,3.42ms,44.95ms,59.82ms
curated/04-ruff-noqa/compile-real,compile,0.1.0 (rev 8e952148cc),quickjs/hybrid,0.1.0,,,796854,5.62s,3.11us,10.00ns,3.36us,1.54us,2.73us,278.58us
curated/04-ruff-noqa/compile-real,compile,0.1.0 (rev 8e952148cc),quickjs/pure-rust,0.1.0,,,797714,5.38s,3.12us,10.00ns,3.36us,1.43us,2.73us,278.26us
curated/04-ruff-noqa/compile-real,compile,0.1.0 (rev 8e952148cc),rust/regex,1.12.2,,,21324,4.57s,120.27us,3.32us,129.88us,19.32us,113.71us,380.81us
curated/05-lexer-veryl/single,count-captures,0.1.0 (rev 8e952148cc),quickjs/hybrid,0.1.0,"failed to run command for 'quickjs/hybrid', last line of stderr is: free(): invalid next size (normal)",,0,0.00ns,0.00ns,0.00ns,0.00ns,0.00ns,0.00ns,0.00ns
curated/05-lexer-veryl/single,count-captures,0.1.0 (rev 8e952148cc),quickjs/pure-rust,0.1.0,"failed to run command for 'quickjs/pure-rust', last line of stderr is: free(): invalid next size (normal)",,0,0.00ns,0.00ns,0.00ns,0.00ns,0.00ns,0.00ns,0.00ns
curated/05-lexer-veryl/single,count-captures,0.1.0 (rev 8e952148cc),rust/regex,1.12.2,,150600,55,4.56s,54.17ms,736.77us,54.97ms,2.13ms,52.69ms,63.91ms
curated/05-lexer-veryl/compile-single,compile,0.1.0 (rev 8e952148cc),quickjs/hybrid,0.1.0,,,85716,4.62s,28.55us,120.00ns,31.33us,6.52us,28.21us,184.69us
curated/05-lexer-veryl/compile-single,compile,0.1.0 (rev 8e952148cc),quickjs/pure-rust,0.1.0,,,84568,4.62s,28.59us,190.00ns,31.70us,7.13us,28.19us,214.69us
curated/05-lexer-veryl/compile-single,compile,0.1.0 (rev 8e952148cc),rust/regex,1.12.2,,,4907,4.51s,567.52us,17.48us,584.25us,54.70us,535.40us,1.94ms
curated/05-lexer-veryl/multi,count-spans,0.1.0 (rev 8e952148cc),quickjs/hybrid,0.1.0,"failed to run command for 'quickjs/hybrid', last line of stderr is: Error: regex engine only supports one pattern at a time, but was given 88 patterns",,0,0.00ns,0.00ns,0.00ns,0.00ns,0.00ns,0.00ns,0.00ns
curated/05-lexer-veryl/multi,count-spans,0.1.0 (rev 8e952148cc),quickjs/pure-rust,0.1.0,"failed to run command for 'quickjs/pure-rust', last line of stderr is: Error: regex engine only supports one pattern at a time, but was given 88 patterns",,0,0.00ns,0.00ns,0.00ns,0.00ns,0.00ns,0.00ns,0.00ns
curated/05-lexer-veryl/multi,count-spans,0.1.0 (rev 8e952148cc),rust/regex,1.12.2,,150600,697,4.51s,4.20ms,99.69us,4.31ms,420.37us,3.99ms,7.22ms
curated/06-cloud-flare-redos/original,count-spans,0.1.0 (rev 8e952148cc),quickjs/hybrid,0.1.0,,107,34123,4.57s,80.15us,280.00ns,87.74us,15.50us,79.38us,669.78us
curated/06-cloud-flare-redos/original,count-spans,0.1.0 (rev 8e952148cc),quickjs/pure-rust,0.1.0,,107,35325,4.57s,80.11us,230.00ns,84.76us,11.69us,79.54us,358.41us
curated/06-cloud-flare-redos/original,count-spans,0.1.0 (rev 8e952148cc),rust/regex,1.12.2,,107,1000000,2.13s,330.00ns,0.00ns,354.00ns,409.00ns,320.00ns,91.78us
curated/06-cloud-flare-redos/simplified-short,count-spans,0.1.0 (rev 8e952148cc),quickjs/hybrid,0.1.0,,102,34727,4.57s,79.52us,231.00ns,86.21us,17.54us,78.78us,1.53ms
curated/06-cloud-flare-redos/simplified-short,count-spans,0.1.0 (rev 8e952148cc),quickjs/pure-rust,0.1.0,,102,34900,4.57s,79.49us,189.00ns,85.78us,42.17us,78.78us,7.57ms
curated/06-cloud-flare-redos/simplified-short,count-spans,0.1.0 (rev 8e952148cc),rust/regex,1.12.2,,102,1000000,1.38s,130.00ns,0.00ns,137.00ns,301.00ns,120.00ns,71.70us
curated/06-cloud-flare-redos/simplified-long,count-spans,0.1.0 (rev 8e952148cc),quickjs/hybrid,0.1.0,,10001,5,5.22s,732.48ms,3.63ms,734.81ms,6.09ms,728.85ms,744.17ms
curated/06-cloud-flare-redos/simplified-long,count-spans,0.1.0 (rev 8e952148cc),quickjs/pure-rust,0.1.0,,10001,5,5.22s,738.91ms,6.14ms,739.09ms,10.97ms,724.23ms,757.27ms
curated/06-cloud-flare-redos/simplified-long,count-spans,0.1.0 (rev 8e952148cc),rust/regex,1.12.2,,10001,1000000,1.59s,210.00ns,0.00ns,223.00ns,424.00ns,190.00ns,148.69us
curated/07-unicode-character-data/parse-line,grep-captures,0.1.0 (rev 8e952148cc),quickjs/hybrid,0.1.0,,1913704,10,4.61s,304.98ms,1.47ms,304.39ms,2.18ms,300.58ms,308.42ms
curated/07-unicode-character-data/parse-line,grep-captures,0.1.0 (rev 8e952148cc),quickjs/pure-rust,0.1.0,,1913704,10,4.62s,308.17ms,2.67ms,307.85ms,3.22ms,302.90ms,313.15ms
curated/07-unicode-character-data/parse-line,grep-captures,0.1.0 (rev 8e952148cc),rust/regex,1.12.2,,1913704,215,4.57s,13.71ms,188.94us,13.99ms,1.06ms,13.25ms,22.12ms
curated/07-unicode-character-data/compile,compile,0.1.0 (rev 8e952148cc),quickjs/hybrid,0.1.0,,,565170,5.31s,3.58us,20.00ns,3.87us,1.78us,3.48us,150.89us
curated/07-unicode-character-data/compile,compile,0.1.0 (rev 8e952148cc),quickjs/pure-rust,0.1.0,,,581550,5.06s,3.45us,20.00ns,3.74us,1.71us,3.37us,281.59us
curated/07-unicode-character-data/compile,compile,0.1.0 (rev 8e952148cc),rust/regex,1.12.2,,,37936,4.57s,58.42us,1.06us,63.60us,43.95us,54.91us,8.32ms
curated/08-words/all-english,count-spans,0.1.0 (rev 8e952148cc),quickjs/hybrid,0.1.0,,76401,1200,4.51s,2.45ms,52.12us,2.50ms,194.27us,2.31ms,4.24ms
curated/08-words/all-english,count-spans,0.1.0 (rev 8e952148cc),quickjs/pure-rust,0.1.0,,76401,1056,4.51s,2.78ms,75.44us,2.84ms,170.31us,2.64ms,3.69ms
curated/08-words/all-english,count-spans,0.1.0 (rev 8e952148cc),rust/regex,1.12.2,,76401,2227,4.51s,1.29ms,40.82us,1.35ms,151.38us,1.22ms,2.44ms
curated/08-words/all-russian,count-spans,0.1.0 (rev 8e952148cc),quickjs/hybrid,0.1.0,"count mismatch, expected 107391, got 529",,0,0.00ns,0.00ns,0.00ns,0.00ns,0.00ns,0.00ns,0.00ns
curated/08-words/all-russian,count-spans,0.1.0 (rev 8e952148cc),quickjs/pure-rust,0.1.0,"count mismatch, expected 107391, got 529",,0,0.00ns,0.00ns,0.00ns,0.00ns,0.00ns,0.00ns,0.00ns
curated/08-words/all-russian,count-spans,0.1.0 (rev 8e952148cc),rust/regex,1.12.2,,123942,204,4.56s,14.46ms,346.17us,14.77ms,1.10ms,13.78ms,20.61ms
curated/08-words/long-english,count-spans,0.1.0 (rev 8e952148cc),quickjs/hybrid,0.1.0,,76401,720,4.51s,4.08ms,79.64us,4.17ms,273.94us,3.90ms,5.52ms
curated/08-words/long-english,count-spans,0.1.0 (rev 8e952148cc),quickjs/pure-rust,0.1.0,,76401,690,4.51s,4.30ms,71.06us,4.35ms,256.03us,4.10ms,7.68ms
curated/08-words/long-english,count-spans,0.1.0 (rev 8e952148cc),rust/regex,1.12.2,,76401,20170,4.57s,143.35us,460.00ns,148.54us,42.25us,142.82us,4.22ms
curated/08-words/long-russian,count-spans,0.1.0 (rev 8e952148cc),quickjs/hybrid,0.1.0,"count mismatch, expected 5481, got 12",,0,0.00ns,0.00ns,0.00ns,0.00ns,0.00ns,0.00ns,0.00ns
curated/08-words/long-russian,count-spans,0.1.0 (rev 8e952148cc),quickjs/pure-rust,0.1.0,"count mismatch, expected 5481, got 12",,0,0.00ns,0.00ns,0.00ns,0.00ns,0.00ns,0.00ns,0.00ns
curated/08-words/long-russian,count-spans,0.1.0 (rev 8e952148cc),rust/regex,1.12.2,,123942,309,4.52s,9.29ms,329.20us,9.72ms,1.10ms,8.67ms,13.67ms
curated/09-aws-keys/full,grep-captures,0.1.0 (rev 8e952148cc),quickjs/hybrid,0.1.0,"failed to run command for 'quickjs/hybrid', last line of stderr is: malloc(): corrupted top size",,0,0.00ns,0.00ns,0.00ns,0.00ns,0.00ns,0.00ns,0.00ns
curated/09-aws-keys/full,grep-captures,0.1.0 (rev 8e952148cc),quickjs/pure-rust,0.1.0,"failed to run command for 'quickjs/pure-rust', last line of stderr is: malloc(): corrupted top size",,0,0.00ns,0.00ns,0.00ns,0.00ns,0.00ns,0.00ns,0.00ns
curated/09-aws-keys/full,grep-captures,0.1.0 (rev 8e952148cc),rust/regex,1.12.2,,32514634,87,4.61s,34.45ms,430.87us,34.73ms,1.49ms,33.35ms,42.67ms
curated/09-aws-keys/quick,grep,0.1.0 (rev 8e952148cc),quickjs/hybrid,0.1.0,timeout: exceeded 10s,,0,0.00ns,0.00ns,0.00ns,0.00ns,0.00ns,0.00ns,0.00ns
curated/09-aws-keys/quick,grep,0.1.0 (rev 8e952148cc),quickjs/pure-rust,0.1.0,timeout: exceeded 10s,,0,0.00ns,0.00ns,0.00ns,0.00ns,0.00ns,0.00ns,0.00ns
curated/09-aws-keys/quick,grep,0.1.0 (rev 8e952148cc),rust/regex,1.12.2,,32514634,83,4.61s,36.00ms,364.64us,36.35ms,1.48ms,35.00ms,45.97ms
curated/09-aws-keys/compile-full,compile,0.1.0 (rev 8e952148cc),quickjs/hybrid,0.1.0,"count mismatch, expected 1, got 0",,0,0.00ns,0.00ns,0.00ns,0.00ns,0.00ns,0.00ns,0.00ns
curated/09-aws-keys/compile-full,compile,0.1.0 (rev 8e952148cc),quickjs/pure-rust,0.1.0,"count mismatch, expected 1, got 0",,0,0.00ns,0.00ns,0.00ns,0.00ns,0.00ns,0.00ns,0.00ns
curated/09-aws-keys/compile-full,compile,0.1.0 (rev 8e952148cc),rust/regex,1.12.2,,,11844,4.51s,184.11us,8.60us,196.61us,27.72us,171.81us,552.49us
curated/09-aws-keys/compile-quick,compile,0.1.0 (rev 8e952148cc),quickjs/hybrid,0.1.0,,,1000000,4.84s,1.15us,10.00ns,1.25us,922.00ns,1.11us,198.73us
curated/09-aws-keys/compile-quick,compile,0.1.0 (rev 8e952148cc),quickjs/pure-rust,0.1.0,,,1000000,4.78s,1.16us,10.00ns,1.29us,1.08us,1.11us,242.40us
curated/09-aws-keys/compile-quick,compile,0.1.0 (rev 8e952148cc),rust/regex,1.12.2,,,62248,4.62s,31.97us,530.00ns,35.10us,9.65us,30.15us,1.38ms
curated/10-bounded-repeat/letters-en,count,0.1.0 (rev 8e952148cc),quickjs/hybrid,0.1.0,,151522,351,4.52s,8.46ms,138.72us,8.56ms,430.22us,8.11ms,11.19ms
curated/10-bounded-repeat/letters-en,count,0.1.0 (rev 8e952148cc),quickjs/pure-rust,0.1.0,,151522,348,4.51s,8.49ms,134.44us,8.63ms,456.75us,8.16ms,10.90ms
curated/10-bounded-repeat/letters-en,count,0.1.0 (rev 8e952148cc),rust/regex,1.12.2,,151522,8234,4.51s,355.79us,4.25us,364.19us,20.82us,349.66us,791.96us
curated/10-bounded-repeat/letters-ru,count,0.1.0 (rev 8e952148cc),quickjs/hybrid,0.1.0,,248919,239,4.51s,12.40ms,235.12us,12.55ms,559.42us,11.91ms,15.77ms
curated/10-bounded-repeat/letters-ru,count,0.1.0 (rev 8e952148cc),quickjs/pure-rust,0.1.0,,248919,235,4.56s,12.46ms,249.06us,12.82ms,1.01ms,11.92ms,17.56ms
curated/10-bounded-repeat/letters-ru,count,0.1.0 (rev 8e952148cc),rust/regex,1.12.2,,248919,4787,4.56s,614.35us,12.59us,626.61us,60.08us,598.92us,4.12ms
curated/10-bounded-repeat/context,count,0.1.0 (rev 8e952148cc),quickjs/hybrid,0.1.0,timeout: exceeded 10s,,0,0.00ns,0.00ns,0.00ns,0.00ns,0.00ns,0.00ns,0.00ns
curated/10-bounded-repeat/context,count,0.1.0 (rev 8e952148cc),quickjs/pure-rust,0.1.0,timeout: exceeded 10s,,0,0.00ns,0.00ns,0.00ns,0.00ns,0.00ns,0.00ns,0.00ns
curated/10-bounded-repeat/context,count,0.1.0 (rev 8e952148cc),rust/regex,1.12.2,,7384531,17,4.87s,185.70ms,3.15ms,186.60ms,6.06ms,177.97ms,205.39ms
curated/10-bounded-repeat/capitals,count,0.1.0 (rev 8e952148cc),quickjs/hybrid,0.1.0,timeout: exceeded 10s,,0,0.00ns,0.00ns,0.00ns,0.00ns,0.00ns,0.00ns,0.00ns
curated/10-bounded-repeat/capitals,count,0.1.0 (rev 8e952148cc),quickjs/pure-rust,0.1.0,timeout: exceeded 10s,,0,0.00ns,0.00ns,0.00ns,0.00ns,0.00ns,0.00ns,0.00ns
curated/10-bounded-repeat/capitals,count,0.1.0 (rev 8e952148cc),rust/regex,1.12.2,,7384531,220,4.56s,13.60ms,105.62us,13.64ms,190.89us,13.35ms,14.54ms
curated/10-bounded-repeat/compile-context,compile,0.1.0 (rev 8e952148cc),quickjs/hybrid,0.1.0,,,498577,5.20s,3.51us,20.00ns,3.77us,1.80us,3.40us,186.71us
curated/10-bounded-repeat/compile-context,compile,0.1.0 (rev 8e952148cc),quickjs/pure-rust,0.1.0,,,507451,5.00s,3.49us,20.00ns,3.70us,1.52us,3.38us,273.26us
curated/10-bounded-repeat/compile-context,compile,0.1.0 (rev 8e952148cc),rust/regex,1.12.2,,,15929,4.56s,140.03us,2.67us,148.48us,17.97us,135.55us,471.68us
curated/10-bounded-repeat/compile-capitals,compile,0.1.0 (rev 8e952148cc),quickjs/hybrid,0.1.0,,,1000000,5.18s,1.19us,10.00ns,1.27us,823.00ns,1.10us,130.63us
curated/10-bounded-repeat/compile-capitals,compile,0.1.0 (rev 8e952148cc),quickjs/pure-rust,0.1.0,,,1000000,5.39s,1.18us,10.00ns,1.29us,1.00us,1.09us,197.32us
curated/10-bounded-repeat/compile-capitals,compile,0.1.0 (rev 8e952148cc),rust/regex,1.12.2,,,15307,4.56s,145.21us,3.03us,155.01us,20.73us,140.08us,395.46us
curated/11-unstructured-to-json/extract,grep-captures,0.1.0 (rev 8e952148cc),quickjs/hybrid,0.1.0,,23952,583,4.51s,5.07ms,87.60us,5.15ms,313.82us,4.85ms,9.19ms
curated/11-unstructured-to-json/extract,grep-captures,0.1.0 (rev 8e952148cc),quickjs/pure-rust,0.1.0,,23952,577,4.51s,5.08ms,104.66us,5.20ms,381.95us,4.85ms,6.80ms
curated/11-unstructured-to-json/extract,grep-captures,0.1.0 (rev 8e952148cc),rust/regex,1.12.2,,23952,4214,4.52s,701.10us,13.61us,711.64us,31.16us,676.58us,0.96ms
curated/11-unstructured-to-json/compile,compile,0.1.0 (rev 8e952148cc),quickjs/hybrid,0.1.0,,,483369,5.00s,2.29us,20.00ns,2.52us,1.61us,2.22us,275.59us
curated/11-unstructured-to-json/compile,compile,0.1.0 (rev 8e952148cc),quickjs/pure-rust,0.1.0,,,485168,5.15s,2.29us,20.00ns,2.51us,2.44us,2.23us,1.39ms
curated/11-unstructured-to-json/compile,compile,0.1.0 (rev 8e952148cc),rust/regex,1.12.2,,,49945,4.57s,39.33us,511.00ns,41.77us,8.13us,37.15us,347.44us
curated/12-dictionary/single,count,0.1.0 (rev 8e952148cc),quickjs/hybrid,0.1.0,"count mismatch, expected 1, got 0",,0,0.00ns,0.00ns,0.00ns,0.00ns,0.00ns,0.00ns,0.00ns
curated/12-dictionary/single,count,0.1.0 (rev 8e952148cc),quickjs/pure-rust,0.1.0,"count mismatch, expected 1, got 0",,0,0.00ns,0.00ns,0.00ns,0.00ns,0.00ns,0.00ns,0.00ns
curated/12-dictionary/single,count,0.1.0 (rev 8e952148cc),rust/regex,1.12.2,,61436,19464,4.56s,150.22us,6.38us,154.05us,16.40us,137.13us,658.42us
curated/12-dictionary/multi,count,0.1.0 (rev 8e952148cc),quickjs/hybrid,0.1.0,"failed to run command for 'quickjs/hybrid', last line of stderr is: Error: regex engine only supports one pattern at a time, but was given 2663 patterns",,0,0.00ns,0.00ns,0.00ns,0.00ns,0.00ns,0.00ns,0.00ns
curated/12-dictionary/multi,count,0.1.0 (rev 8e952148cc),quickjs/pure-rust,0.1.0,"failed to run command for 'quickjs/pure-rust', last line of stderr is: Error: regex engine only supports one pattern at a time, but was given 2663 patterns",,0,0.00ns,0.00ns,0.00ns,0.00ns,0.00ns,0.00ns,0.00ns
curated/12-dictionary/multi,count,0.1.0 (rev 8e952148cc),rust/regex,1.12.2,,61436,5090,4.61s,575.73us,13.91us,589.28us,40.40us,544.94us,907.62us
curated/12-dictionary/compile-single,compile,0.1.0 (rev 8e952148cc),quickjs/hybrid,0.1.0,,,652,4.51s,4.41ms,119.84us,4.53ms,378.84us,4.19ms,6.61ms
curated/12-dictionary/compile-single,compile,0.1.0 (rev 8e952148cc),quickjs/pure-rust,0.1.0,,,660,4.51s,4.34ms,85.16us,4.47ms,422.14us,4.18ms,6.63ms
curated/12-dictionary/compile-single,compile,0.1.0 (rev 8e952148cc),rust/regex,1.12.2,,,147,4.56s,19.95ms,650.92us,20.16ms,1.19ms,18.20ms,24.20ms
curated/12-dictionary/compile-multi,compile,0.1.0 (rev 8e952148cc),quickjs/hybrid,0.1.0,"failed to run command for 'quickjs/hybrid', last line of stderr is: Error: regex engine only supports one pattern at a time, but was given 2663 patterns",,0,0.00ns,0.00ns,0.00ns,0.00ns,0.00ns,0.00ns,0.00ns
curated/12-dictionary/compile-multi,compile,0.1.0 (rev 8e952148cc),quickjs/pure-rust,0.1.0,"failed to run command for 'quickjs/pure-rust', last line of stderr is: Error: regex engine only supports one pattern at a time, but was given 2663 patterns",,0,0.00ns,0.00ns,0.00ns,0.00ns,0.00ns,0.00ns,0.00ns
curated/12-dictionary/compile-multi,compile,0.1.0 (rev 8e952148cc),rust/regex,1.12.2,,,75,4.61s,36.16ms,1.50ms,37.21ms,3.49ms,33.18ms,49.51ms
curated/13-noseyparker/single,count,0.1.0 (rev 8e952148cc),quickjs/hybrid,0.1.0,"failed to run command for 'quickjs/hybrid', last line of stderr is: Error: syntax error: expecting character",,0,0.00ns,0.00ns,0.00ns,0.00ns,0.00ns,0.00ns,0.00ns
curated/13-noseyparker/single,count,0.1.0 (rev 8e952148cc),quickjs/pure-rust,0.1.0,"failed to run command for 'quickjs/pure-rust', last line of stderr is: Error: syntax error: expecting character",,0,0.00ns,0.00ns,0.00ns,0.00ns,0.00ns,0.00ns,0.00ns
curated/13-noseyparker/single,count,0.1.0 (rev 8e952148cc),rust/regex,1.12.2,,32514634,4,4.86s,800.59ms,11.70ms,799.02ms,14.70ms,778.05ms,816.87ms
curated/13-noseyparker/multi,count,0.1.0 (rev 8e952148cc),quickjs/hybrid,0.1.0,"failed to run command for 'quickjs/hybrid', last line of stderr is: Error: regex engine only supports one pattern at a time, but was given 96 patterns",,0,0.00ns,0.00ns,0.00ns,0.00ns,0.00ns,0.00ns,0.00ns
curated/13-noseyparker/multi,count,0.1.0 (rev 8e952148cc),quickjs/pure-rust,0.1.0,"failed to run command for 'quickjs/pure-rust', last line of stderr is: Error: regex engine only supports one pattern at a time, but was given 96 patterns",,0,0.00ns,0.00ns,0.00ns,0.00ns,0.00ns,0.00ns,0.00ns
curated/13-noseyparker/multi,count,0.1.0 (rev 8e952148cc),rust/regex,1.12.2,,32514634,3,5.22s,1.02s,12.40ms,1.02s,10.20ms,1.01s,1.03s
curated/13-noseyparker/compile-single,compile,0.1.0 (rev 8e952148cc),quickjs/hybrid,0.1.0,"failed to run command for 'quickjs/hybrid', last line of stderr is: Error: syntax error: expecting character",,0,0.00ns,0.00ns,0.00ns,0.00ns,0.00ns,0.00ns,0.00ns
curated/13-noseyparker/compile-single,compile,0.1.0 (rev 8e952148cc),quickjs/pure-rust,0.1.0,"failed to run command for 'quickjs/pure-rust', last line of stderr is: Error: syntax error: expecting character",,0,0.00ns,0.00ns,0.00ns,0.00ns,0.00ns,0.00ns,0.00ns
curated/13-noseyparker/compile-single,compile,0.1.0 (rev 8e952148cc),rust/regex,1.12.2,,,509,4.51s,5.17ms,152.62us,5.29ms,374.22us,4.85ms,7.34ms
curated/13-noseyparker/compile-multi,compile,0.1.0 (rev 8e952148cc),quickjs/hybrid,0.1.0,"failed to run command for 'quickjs/hybrid', last line of stderr is: Error: regex engine only supports one pattern at a time, but was given 96 patterns",,0,0.00ns,0.00ns,0.00ns,0.00ns,0.00ns,0.00ns,0.00ns
curated/13-noseyparker/compile-multi,compile,0.1.0 (rev 8e952148cc),quickjs/pure-rust,0.1.0,"failed to run command for 'quickjs/pure-rust', last line of stderr is: Error: regex engine only supports one pattern at a time, but was given 96 patterns",,0,0.00ns,0.00ns,0.00ns,0.00ns,0.00ns,0.00ns,0.00ns
curated/13-noseyparker/compile-multi,compile,0.1.0 (rev 8e952148cc),rust/regex,1.12.2,,,435,4.56s,6.16ms,178.74us,6.25ms,358.59us,5.75ms,8.60ms
curated/14-quadratic/1x,count,0.1.0 (rev 8e952148cc),quickjs/hybrid,0.1.0,,100,26063,4.57s,107.45us,4.24us,114.91us,17.63us,101.10us,362.35us
curated/14-quadratic/1x,count,0.1.0 (rev 8e952148cc),quickjs/pure-rust,0.1.0,,100,25830,4.57s,108.11us,4.51us,115.95us,18.58us,102.14us,322.57us
curated/14-quadratic/1x,count,0.1.0 (rev 8e952148cc),rust/regex,1.12.2,,100,273774,4.90s,10.54us,220.00ns,10.86us,2.61us,10.29us,253.31us
curated/14-quadratic/2x,count,0.1.0 (rev 8e952148cc),quickjs/hybrid,0.1.0,,200,7558,4.51s,387.32us,13.46us,396.75us,35.69us,363.70us,722.40us
curated/14-quadratic/2x,count,0.1.0 (rev 8e952148cc),quickjs/pure-rust,0.1.0,,200,7305,4.51s,394.49us,18.28us,410.50us,48.23us,365.62us,745.58us
curated/14-quadratic/2x,count,0.1.0 (rev 8e952148cc),rust/regex,1.12.2,,200,73602,4.62s,38.99us,540.00ns,40.62us,6.46us,38.42us,414.78us
curated/14-quadratic/10x,count,0.1.0 (rev 8e952148cc),quickjs/hybrid,0.1.0,,1000,337,4.51s,8.71ms,198.72us,8.91ms,631.24us,8.20ms,12.51ms
curated/14-quadratic/10x,count,0.1.0 (rev 8e952148cc),quickjs/pure-rust,0.1.0,,1000,329,4.56s,8.94ms,255.41us,9.13ms,655.52us,8.30ms,12.66ms
curated/14-quadratic/10x,count,0.1.0 (rev 8e952148cc),rust/regex,1.12.2,,1000,3180,4.52s,933.80us,16.82us,943.36us,34.29us,908.24us,1.23ms
dictionary/compile/english,compile,0.1.0 (rev 8e952148cc),rust/regex,1.12.2,,,6,4.76s,510.24ms,2.84ms,510.69ms,4.21ms,504.73ms,517.73ms
dictionary/compile/english-10,compile,0.1.0 (rev 8e952148cc),rust/regex,1.12.2,,,15,4.81s,206.83ms,4.91ms,208.09ms,7.57ms,199.79ms,225.84ms
dictionary/compile/english-15,compile,0.1.0 (rev 8e952148cc),rust/regex,1.12.2,,,148,4.56s,19.83ms,763.48us,20.09ms,1.16ms,18.39ms,23.65ms
dictionary/search/english,count-spans,0.1.0 (rev 8e952148cc),rust/regex,1.12.2,,61436,2599,5.16s,1.12ms,36.41us,1.15ms,103.69us,1.03ms,1.75ms
dictionary/search/english-tiny,count-spans,0.1.0 (rev 8e952148cc),rust/regex,1.12.2,,108,1000000,4.49s,1.10us,10.00ns,1.18us,917.00ns,1.03us,270.79us
dictionary/search/english-10,count-spans,0.1.0 (rev 8e952148cc),rust/regex,1.12.2,,61436,4281,4.76s,676.76us,28.19us,700.70us,74.41us,615.84us,2.11ms
dictionary/search/english-15,count-spans,0.1.0 (rev 8e952148cc),rust/regex,1.12.2,,61436,19302,4.57s,149.97us,7.36us,155.34us,18.79us,137.33us,427.43us
folly/awyer-inn-busted,count,0.1.0 (rev 8e952148cc),rust/regex,1.12.2,,80007,3371,4.51s,864.19us,18.27us,889.77us,102.34us,837.01us,5.05ms
folly/literal-never-match-rare,count,0.1.0 (rev 8e952148cc),rust/regex,1.12.2,,7384531,11904,4.56s,234.34us,16.04us,251.80us,49.53us,210.30us,660.51us
folly/literal-never-match-frequent,count,0.1.0 (rev 8e952148cc),rust/regex,1.12.2,,7384531,11528,4.56s,241.60us,15.83us,260.03us,51.87us,214.94us,1.21ms
folly/literal-never-match-tricksy,count,0.1.0 (rev 8e952148cc),rust/regex,1.12.2,,120012,135394,4.73s,20.35us,40.00ns,22.04us,4.92us,20.23us,375.23us
grep/every-line,grep,0.1.0 (rev 8e952148cc),rust/regex,1.12.2,,7384531,362,4.56s,8.02ms,146.62us,8.29ms,751.33us,7.71ms,12.28ms
grep/long-words-ascii,grep,0.1.0 (rev 8e952148cc),rust/regex,1.12.2,,7384531,188,4.56s,15.79ms,336.99us,16.00ms,927.37us,14.82ms,20.92ms
grep/long-words-unicode,grep,0.1.0 (rev 8e952148cc),rust/regex,1.12.2,,7384531,183,4.56s,16.36ms,345.48us,16.43ms,570.92us,15.63ms,18.82ms
hyperscan/literal-english-nosom,count,0.1.0 (rev 8e952148cc),rust/regex,1.12.2,,613357,148274,4.72s,18.33us,470.00ns,20.11us,5.32us,17.39us,278.22us
hyperscan/literal-english-som,count-spans,0.1.0 (rev 8e952148cc),rust/regex,1.12.2,,613357,151992,4.73s,17.55us,110.00ns,19.61us,5.25us,17.34us,286.35us
hyperscan/literal-casei-english-nosom,count,0.1.0 (rev 8e952148cc),rust/regex,1.12.2,,613357,49587,4.62s,57.33us,90.00ns,60.33us,8.81us,57.03us,407.62us
hyperscan/literal-casei-english-som,count-spans,0.1.0 (rev 8e952148cc),rust/regex,1.12.2,,613357,47557,4.57s,58.14us,710.00ns,62.90us,10.82us,57.14us,366.15us
hyperscan/literal-russian-nosom,count,0.1.0 (rev 8e952148cc),rust/regex,1.12.2,,613423,153733,4.73s,17.56us,100.00ns,19.39us,15.56us,17.38us,5.62ms
hyperscan/literal-russian-som,count-spans,0.1.0 (rev 8e952148cc),rust/regex,1.12.2,,613423,152899,4.68s,17.57us,80.00ns,19.48us,5.43us,17.35us,223.14us
hyperscan/literal-casei-russian-nosom,count,0.1.0 (rev 8e952148cc),rust/regex,1.12.2,,613423,34159,4.57s,82.84us,340.00ns,87.67us,11.09us,82.10us,313.68us
hyperscan/literal-casei-russian-som,count-spans,0.1.0 (rev 8e952148cc),rust/regex,1.12.2,,613423,33875,4.57s,83.45us,380.00ns,88.40us,11.24us,82.41us,335.40us
hyperscan/literal-suffix-nosom,count,0.1.0 (rev 8e952148cc),rust/regex,1.12.2,,594933,38971,4.57s,72.96us,790.00ns,76.80us,10.75us,69.59us,289.85us
hyperscan/literal-suffix-som,count-spans,0.1.0 (rev 8e952148cc),rust/regex,1.12.2,,594933,43003,4.57s,66.02us,620.00ns,69.60us,9.81us,63.80us,289.90us
hyperscan/literal-inner-nosom,count,0.1.0 (rev 8e952148cc),rust/regex,1.12.2,,594933,44872,4.57s,62.14us,650.00ns,66.67us,11.25us,60.61us,445.56us
hyperscan/literal-inner-som,count-spans,0.1.0 (rev 8e952148cc),rust/regex,1.12.2,,594933,44773,4.57s,61.84us,710.00ns,66.83us,12.53us,59.88us,815.73us
hyperscan/fixed-length-words-nosom,count,0.1.0 (rev 8e952148cc),rust/regex,1.12.2,,594933,2711,4.52s,1.09ms,18.15us,1.11ms,128.34us,1.07ms,5.24ms
hyperscan/fixed-length-words-som,count-spans,0.1.0 (rev 8e952148cc),rust/regex,1.12.2,,594933,2677,4.51s,1.11ms,21.72us,1.12ms,55.02us,1.08ms,2.48ms
hyperscan/fixed-length-words-unicode-nosom,count,0.1.0 (rev 8e952148cc),rust/regex,1.12.2,,594933,2712,4.56s,1.10ms,18.79us,1.11ms,43.97us,1.07ms,2.20ms
imported/leipzig/twain,count,0.1.0 (rev 8e952148cc),rust/regex,1.12.2,,16013977,2055,4.56s,1.44ms,121.80us,1.46ms,192.14us,1.06ms,2.43ms
imported/leipzig/twain-insensitive,count,0.1.0 (rev 8e952148cc),rust/regex,1.12.2,,16013977,1266,4.56s,2.37ms,113.16us,2.37ms,185.95us,1.88ms,3.27ms
imported/leipzig/shing,count,0.1.0 (rev 8e952148cc),rust/regex,1.12.2,,16013977,1579,4.56s,1.88ms,112.95us,1.90ms,186.45us,1.48ms,3.29ms
imported/leipzig/huck-saw,count,0.1.0 (rev 8e952148cc),rust/regex,1.12.2,,16013977,1399,4.56s,2.13ms,86.30us,2.15ms,164.77us,1.59ms,2.92ms
imported/leipzig/word-ending-nn,count,0.1.0 (rev 8e952148cc),rust/regex,1.12.2,,16013977,2053,4.56s,1.45ms,105.37us,1.46ms,153.48us,1.12ms,2.03ms
imported/leipzig/certain-long-strings-ending-x,count,0.1.0 (rev 8e952148cc),rust/regex,1.12.2,,16013977,522,4.56s,5.70ms,123.93us,5.76ms,252.81us,5.36ms,6.92ms
imported/leipzig/tom-sawyer-huckle-finn,count,0.1.0 (rev 8e952148cc),rust/regex,1.12.2,,16013977,1409,4.56s,2.13ms,96.57us,2.13ms,152.86us,1.68ms,3.14ms
imported/leipzig/tom-sawyer-huckle-fin-insensitive,count,0.1.0 (rev 8e952148cc),rust/regex,1.12.2,,16013977,103,4.56s,28.63ms,501.07us,29.13ms,1.35ms,27.74ms,36.17ms
imported/leipzig/tom-sawyer-huckle-fin-prefix-short,count,0.1.0 (rev 8e952148cc),rust/regex,1.12.2,,16013977,1333,4.56s,2.22ms,104.08us,2.25ms,194.16us,1.83ms,3.02ms
imported/leipzig/tom-sawyer-huckle-fin-prefix-long,count,0.1.0 (rev 8e952148cc),rust/regex,1.12.2,,16013977,1307,4.56s,2.28ms,99.82us,2.30ms,172.10us,1.83ms,3.31ms
imported/leipzig/tom-river,count,0.1.0 (rev 8e952148cc),rust/regex,1.12.2,,16013977,1212,4.57s,2.44ms,102.92us,2.48ms,245.35us,2.04ms,6.41ms
imported/leipzig/ing,count,0.1.0 (rev 8e952148cc),rust/regex,1.12.2,,16013977,274,4.56s,10.79ms,207.91us,10.97ms,681.33us,10.25ms,14.76ms
imported/leipzig/ing-whitespace,count,0.1.0 (rev 8e952148cc),rust/regex,1.12.2,,16013977,300,4.56s,9.87ms,246.55us,10.03ms,796.41us,9.41ms,21.13ms
imported/leipzig/awyer-inn,count,0.1.0 (rev 8e952148cc),rust/regex,1.12.2,,16013977,1234,4.56s,2.43ms,133.98us,2.43ms,195.66us,1.94ms,3.39ms
imported/leipzig/quotes-bounded,count,0.1.0 (rev 8e952148cc),rust/regex,1.12.2,,16013977,471,4.56s,6.33ms,139.72us,6.37ms,233.49us,6.03ms,7.59ms
imported/leipzig/non-ascii-alternate,count,0.1.0 (rev 8e952148cc),rust/regex,1.12.2,,16013977,1439,4.56s,2.08ms,147.34us,2.09ms,225.87us,1.58ms,3.42ms
imported/leipzig/math-symbols,count,0.1.0 (rev 8e952148cc),rust/regex,1.12.2,,16013977,102,4.61s,29.42ms,141.56us,29.57ms,717.55us,29.14ms,35.62ms
imported/leipzig/bounded-strings-ending-z,count-spans,0.1.0 (rev 8e952148cc),rust/regex,1.12.2,,16013977,2545,4.56s,1.17ms,102.81us,1.18ms,154.35us,841.18us,1.85ms
imported/lh3lh3-reb/uri,grep,0.1.0 (rev 8e952148cc),rust/regex,1.12.2,,39887114,87,4.66s,34.29ms,493.65us,34.72ms,1.52ms,33.24ms,41.91ms
imported/lh3lh3-reb/email,grep,0.1.0 (rev 8e952148cc),rust/regex,1.12.2,,39887114,92,4.66s,32.42ms,671.70us,32.95ms,2.29ms,30.90ms,45.34ms
imported/lh3lh3-reb/date,grep,0.1.0 (rev 8e952148cc),rust/regex,1.12.2,,39887114,73,4.66s,40.57ms,482.32us,41.21ms,2.27ms,39.56ms,54.11ms
imported/lh3lh3-reb/uri-or-email,grep,0.1.0 (rev 8e952148cc),rust/regex,1.12.2,,39887114,32,4.67s,93.59ms,1.08ms,93.93ms,1.76ms,91.39ms,98.74ms
imported/mariomka/email,count,0.1.0 (rev 8e952148cc),rust/regex,1.12.2,,6839410,11212,4.58s,255.85us,15.62us,267.35us,36.71us,231.10us,1.11ms
imported/mariomka/uri,count,0.1.0 (rev 8e952148cc),rust/regex,1.12.2,,6839410,2065,4.56s,1.40ms,74.83us,1.45ms,200.29us,1.26ms,6.56ms
imported/mariomka/ip,count,0.1.0 (rev 8e952148cc),rust/regex,1.12.2,,6839410,818,4.56s,3.57ms,90.58us,3.67ms,313.12us,3.38ms,7.05ms
imported/regex-redux/regex-redux,regex-redux,0.1.0 (rev 8e952148cc),rust/regex,1.12.2,,,102,4.56s,29.24ms,469.26us,29.51ms,1.18ms,28.30ms,35.56ms
imported/rsc/no-exponential,count-spans,0.1.0 (rev 8e952148cc),rust/regex,1.12.2,,25,1000000,1.63s,100.00ns,0.00ns,102.00ns,290.00ns,90.00ns,91.30us
imported/rsc/literal,count-spans,0.1.0 (rev 8e952148cc),rust/regex,1.12.2,,51,1000000,1.53s,50.00ns,10.00ns,50.00ns,200.00ns,40.00ns,84.90us
imported/rsc/not-literal,count-spans,0.1.0 (rev 8e952148cc),rust/regex,1.12.2,,51,1000000,1.68s,110.00ns,0.00ns,117.00ns,206.00ns,90.00ns,48.50us
imported/rsc/match-class,count-spans,0.1.0 (rev 8e952148cc),rust/regex,1.12.2,,81,1000000,1.57s,60.00ns,0.00ns,65.00ns,147.00ns,50.00ns,65.30us
imported/rsc/match-class-in-range,count-spans,0.1.0 (rev 8e952148cc),rust/regex,1.12.2,,81,1000000,1.57s,50.00ns,10.00ns,49.00ns,208.00ns,40.00ns,87.50us
imported/rsc/match-class-unicode,count-spans,0.1.0 (rev 8e952148cc),rust/regex,1.12.2,,161,1000000,2.34s,360.00ns,0.00ns,375.00ns,485.00ns,350.00ns,104.33us
imported/rsc/anchored-literal-short-non-match,count-spans,0.1.0 (rev 8e952148cc),rust/regex,1.12.2,,26,1000000,1.62s,50.00ns,0.00ns,58.00ns,177.00ns,50.00ns,72.67us
imported/rsc/anchored-literal-long-non-match,count-spans,0.1.0 (rev 8e952148cc),rust/regex,1.12.2,,390,1000000,1.58s,50.00ns,0.00ns,59.00ns,323.00ns,50.00ns,199.60us
imported/rsc/anchored-literal-short-match,count-spans,0.1.0 (rev 8e952148cc),rust/regex,1.12.2,,26,1000000,1.43s,70.00ns,0.00ns,77.00ns,239.00ns,70.00ns,104.32us
imported/rsc/anchored-literal-long-match,count-spans,0.1.0 (rev 8e952148cc),rust/regex,1.12.2,,390,1000000,1.64s,80.00ns,10.00ns,81.00ns,162.00ns,70.00ns,48.99us
imported/rsc/one-pass-short,count-spans,0.1.0 (rev 8e952148cc),rust/regex,1.12.2,,17,1000000,1.68s,110.00ns,10.00ns,113.00ns,424.00ns,90.00ns,265.19us
imported/rsc/one-pass-short-not,count-spans,0.1.0 (rev 8e952148cc),rust/regex,1.12.2,,17,1000000,1.68s,100.00ns,10.00ns,101.00ns,352.00ns,90.00ns,132.09us
imported/rsc/one-pass-long-prefix,count-spans,0.1.0 (rev 8e952148cc),rust/regex,1.12.2,,26,1000000,1.73s,110.00ns,10.00ns,110.00ns,384.00ns,100.00ns,294.98us
imported/rsc/one-pass-long-prefix-not,count-spans,0.1.0 (rev 8e952148cc),rust/regex,1.12.2,,26,1000000,1.59s,110.00ns,10.00ns,112.00ns,337.00ns,100.00ns,155.24us
imported/rsc/long-needle1,count-spans,0.1.0 (rev 8e952148cc),rust/regex,1.12.2,,100002,947486,5.74s,2.89us,0.00ns,3.08us,1.34us,2.87us,154.83us
imported/rsc/long-needle2,count-spans,0.1.0 (rev 8e952148cc),rust/regex,1.12.2,,100002,5423,4.51s,526.67us,28.31us,553.00us,75.73us,471.69us,1.11ms
imported/rsc/easy0-32,count-spans,0.1.0 (rev 8e952148cc),rust/regex,1.12.2,,58,1000000,1.58s,70.00ns,0.00ns,71.00ns,188.00ns,50.00ns,57.67us
imported/rsc/easy0-1k,count-spans,0.1.0 (rev 8e952148cc),rust/regex,1.12.2,,1050,1000000,1.63s,100.00ns,10.00ns,99.00ns,252.00ns,80.00ns,93.28us
imported/rsc/easy0-32k,count-spans,0.1.0 (rev 8e952148cc),rust/regex,1.12.2,,32794,1000000,3.64s,1.01us,10.00ns,1.10us,825.00ns,0.99us,150.93us
imported/rsc/easy0-1mb,count-spans,0.1.0 (rev 8e952148cc),rust/regex,1.12.2,,1048602,88023,4.63s,30.95us,1.26us,33.92us,25.87us,29.48us,7.34ms
imported/rsc/easy1-32,count-spans,0.1.0 (rev 8e952148cc),rust/regex,1.12.2,,51,1000000,1.28s,100.00ns,0.00ns,107.00ns,258.00ns,90.00ns,60.93us
imported/rsc/easy1-1k,count-spans,0.1.0 (rev 8e952148cc),rust/regex,1.12.2,,1043,1000000,1.38s,100.00ns,0.00ns,106.00ns,285.00ns,90.00ns,154.11us
imported/rsc/easy1-32k,count-spans,0.1.0 (rev 8e952148cc),rust/regex,1.12.2,,32787,1000000,1.69s,100.00ns,0.00ns,106.00ns,241.00ns,90.00ns,81.82us
imported/rsc/easy1-1mb,count-spans,0.1.0 (rev 8e952148cc),rust/regex,1.12.2,,1048595,1000000,1.58s,100.00ns,0.00ns,114.00ns,266.00ns,90.00ns,95.25us
imported/rsc/medium-32,count-spans,0.1.0 (rev 8e952148cc),rust/regex,1.12.2,,59,1000000,1.53s,110.00ns,0.00ns,116.00ns,1.36us,100.00ns,1.34ms
imported/rsc/medium-1k,count-spans,0.1.0 (rev 8e952148cc),rust/regex,1.12.2,,1051,1000000,1.69s,110.00ns,0.00ns,124.00ns,5.72us,100.00ns,4.04ms
imported/rsc/medium-32k,count-spans,0.1.0 (rev 8e952148cc),rust/regex,1.12.2,,32795,1000000,1.63s,110.00ns,0.00ns,121.00ns,394.00ns,100.00ns,108.88us
imported/rsc/medium-1mb,count-spans,0.1.0 (rev 8e952148cc),rust/regex,1.12.2,,1048603,1000000,1.68s,110.00ns,0.00ns,116.00ns,326.00ns,100.00ns,91.16us
imported/rsc/hard-32,count-spans,0.1.0 (rev 8e952148cc),rust/regex,1.12.2,,58,1000000,1.90s,190.00ns,0.00ns,200.00ns,347.00ns,180.00ns,89.53us
imported/rsc/hard-1k,count-spans,0.1.0 (rev 8e952148cc),rust/regex,1.12.2,,1050,1000000,1.58s,110.00ns,0.00ns,120.00ns,282.00ns,100.00ns,114.52us
imported/rsc/hard-32k,count-spans,0.1.0 (rev 8e952148cc),rust/regex,1.12.2,,32794,1000000,1.33s,110.00ns,0.00ns,116.00ns,259.00ns,100.00ns,92.61us
imported/rsc/hard-1mb,count-spans,0.1.0 (rev 8e952148cc),rust/regex,1.12.2,,1048602,1000000,1.73s,170.00ns,0.00ns,182.00ns,352.00ns,160.00ns,156.70us
imported/rsc/reallyhard0-32,count-spans,0.1.0 (rev 8e952148cc),rust/regex,1.12.2,,58,1000000,1.93s,290.00ns,10.00ns,298.00ns,381.00ns,270.00ns,104.89us
imported/rsc/reallyhard0-1k,count-spans,0.1.0 (rev 8e952148cc),rust/regex,1.12.2,,1050,1000000,1.43s,190.00ns,10.00ns,204.00ns,344.00ns,170.00ns,84.08us
imported/rsc/reallyhard0-32k,count-spans,0.1.0 (rev 8e952148cc),rust/regex,1.12.2,,32794,1000000,3.89s,1.13us,10.00ns,1.22us,927.00ns,1.10us,196.50us
imported/rsc/reallyhard0-1mb,count-spans,0.1.0 (rev 8e952148cc),rust/regex,1.12.2,,1048602,86636,4.62s,31.28us,1.33us,34.46us,8.82us,29.78us,336.64us
imported/rsc/reallyreallyhard0-32,count-spans,0.1.0 (rev 8e952148cc),rust/regex,1.12.2,,47,1000000,2.09s,280.00ns,0.00ns,293.00ns,483.00ns,270.00ns,119.62us
imported/rsc/reallyreallyhard0-1k,count-spans,0.1.0 (rev 8e952148cc),rust/regex,1.12.2,,1039,1000000,1.73s,190.00ns,10.00ns,197.00ns,345.00ns,180.00ns,91.81us
imported/rsc/reallyreallyhard0-32k,count-spans,0.1.0 (rev 8e952148cc),rust/regex,1.12.2,,32783,1000000,3.94s,1.17us,0.00ns,1.26us,825.00ns,1.12us,140.89us
imported/rsc/reallyreallyhard0-1mb,count-spans,0.1.0 (rev 8e952148cc),rust/regex,1.12.2,,1048591,89445,4.67s,31.10us,490.00ns,33.38us,7.56us,29.80us,308.96us
imported/rsc/reallyreallyreallyhard0-32,count-spans,0.1.0 (rev 8e952148cc),rust/regex,1.12.2,,51,1000000,1.93s,280.00ns,0.00ns,307.00ns,627.00ns,270.00ns,137.02us
imported/rsc/reallyreallyreallyhard0-1k,count-spans,0.1.0 (rev 8e952148cc),rust/regex,1.12.2,,1043,1000000,1.83s,190.00ns,0.00ns,210.00ns,396.00ns,180.00ns,181.44us
imported/rsc/reallyreallyreallyhard0-32k,count-spans,0.1.0 (rev 8e952148cc),rust/regex,1.12.2,,32787,1000000,3.85s,1.15us,0.00ns,1.21us,872.00ns,1.12us,151.88us
imported/rsc/reallyreallyreallyhard0-1mb,count-spans,0.1.0 (rev 8e952148cc),rust/regex,1.12.2,,1048595,87669,4.63s,31.37us,690.00ns,34.06us,8.08us,30.43us,302.90us
imported/sherlock/name-sherlock,count-spans,0.1.0 (rev 8e952148cc),rust/regex,1.12.2,,594933,129361,4.63s,20.76us,740.00ns,23.05us,6.44us,19.53us,265.68us
imported/sherlock/name-holmes,count-spans,0.1.0 (rev 8e952148cc),rust/regex,1.12.2,,594933,96617,4.67s,28.92us,200.00ns,30.90us,7.89us,28.38us,1.44ms
imported/sherlock/name-sherlock-holmes,count-spans,0.1.0 (rev 8e952148cc),rust/regex,1.12.2,,594933,131675,4.72s,20.77us,570.00ns,22.64us,5.92us,19.34us,290.77us
imported/sherlock/name-sherlock-casei,count-spans,0.1.0 (rev 8e952148cc),rust/regex,1.12.2,,594933,38524,4.57s,72.39us,880.00ns,77.68us,12.06us,71.12us,373.48us
imported/sherlock/name-holmes-casei,count-spans,0.1.0 (rev 8e952148cc),rust/regex,1.12.2,,594933,22481,4.57s,123.05us,1.48us,133.26us,18.23us,121.21us,426.19us
imported/sherlock/name-sherlock-holmes-casei,count-spans,0.1.0 (rev 8e952148cc),rust/regex,1.12.2,,594933,36877,4.57s,74.43us,850.00ns,81.16us,12.51us,72.95us,329.17us
imported/sherlock/name-whitespace,count-spans,0.1.0 (rev 8e952148cc),rust/regex,1.12.2,,594933,89267,4.63s,30.70us,830.00ns,33.47us,6.95us,29.42us,233.04us
imported/sherlock/name-alt1,count-spans,0.1.0 (rev 8e952148cc),rust/regex,1.12.2,,594933,81611,4.62s,34.06us,580.00ns,36.61us,23.81us,32.62us,6.53ms
imported/sherlock/name-alt2,count-spans,0.1.0 (rev 8e952148cc),rust/regex,1.12.2,,594933,34834,4.57s,81.73us,440.00ns,85.94us,10.34us,80.92us,357.20us
imported/sherlock/name-alt3,count-spans,0.1.0 (rev 8e952148cc),rust/regex,1.12.2,,594933,30586,4.57s,93.03us,330.00ns,97.91us,11.44us,92.27us,287.01us
imported/sherlock/name-alt3-casei,count-spans,0.1.0 (rev 8e952148cc),rust/regex,1.12.2,,594933,4254,4.51s,663.58us,20.56us,705.21us,100.12us,635.66us,2.06ms
imported/sherlock/name-alt4,count-spans,0.1.0 (rev 8e952148cc),rust/regex,1.12.2,,594933,22881,4.56s,125.06us,320.00ns,130.95us,13.10us,124.42us,346.30us
imported/sherlock/name-alt4-casei,count-spans,0.1.0 (rev 8e952148cc),rust/regex,1.12.2,,594933,10955,4.56s,263.17us,9.12us,273.68us,26.82us,252.45us,492.24us
imported/sherlock/name-alt5,count-spans,0.1.0 (rev 8e952148cc),rust/regex,1.12.2,,594933,32006,4.57s,87.94us,1.32us,93.55us,12.67us,86.15us,365.56us
imported/sherlock/name-alt5-casei,count-spans,0.1.0 (rev 8e952148cc),rust/regex,1.12.2,,594933,9817,4.56s,293.22us,9.78us,305.40us,72.29us,280.55us,6.74ms
imported/sherlock/no-match-uncommon,count-spans,0.1.0 (rev 8e952148cc),rust/regex,1.12.2,,594933,215324,4.83s,12.15us,440.00ns,13.81us,5.76us,11.47us,1.42ms
imported/sherlock/no-match-common,count-spans,0.1.0 (rev 8e952148cc),rust/regex,1.12.2,,594933,212368,4.83s,12.19us,410.00ns,14.01us,4.81us,11.59us,382.07us
imported/sherlock/no-match-really-common,count-spans,0.1.0 (rev 8e952148cc),rust/regex,1.12.2,,594933,136219,4.72s,20.39us,440.00ns,21.89us,6.59us,18.32us,1.40ms
imported/sherlock/the-lower,count-spans,0.1.0 (rev 8e952148cc),rust/regex,1.12.2,,594933,9399,4.56s,308.40us,8.67us,319.03us,27.40us,295.58us,627.71us
imported/sherlock/the-upper,count-spans,0.1.0 (rev 8e952148cc),rust/regex,1.12.2,,594933,82627,4.63s,33.69us,1.29us,36.16us,7.12us,31.32us,321.36us
imported/sherlock/the-casei,count-spans,0.1.0 (rev 8e952148cc),rust/regex,1.12.2,,594933,4915,4.51s,589.45us,18.88us,610.26us,54.97us,563.78us,1.09ms
imported/sherlock/everything-greedy,count-spans,0.1.0 (rev 8e952148cc),rust/regex,1.12.2,,594933,603,4.51s,4.91ms,84.76us,4.98ms,294.51us,4.71ms,8.09ms
imported/sherlock/everything-greedy-nl,count-spans,0.1.0 (rev 8e952148cc),rust/regex,1.12.2,,594933,783,4.51s,3.75ms,60.05us,3.83ms,323.12us,3.62ms,6.34ms
imported/sherlock/letters,count-spans,0.1.0 (rev 8e952148cc),rust/regex,1.12.2,,594933,132,4.57s,22.32ms,353.88us,22.87ms,1.63ms,21.60ms,32.01ms
imported/sherlock/letters-upper,count-spans,0.1.0 (rev 8e952148cc),rust/regex,1.12.2,,594933,1543,4.51s,1.89ms,29.99us,1.94ms,138.11us,1.84ms,2.59ms
imported/sherlock/letters-lower,count-spans,0.1.0 (rev 8e952148cc),rust/regex,1.12.2,,594933,132,4.51s,22.25ms,611.50us,22.74ms,1.54ms,21.01ms,30.19ms
imported/sherlock/words,count-spans,0.1.0 (rev 8e952148cc),rust/regex,1.12.2,,594933,281,4.51s,10.48ms,310.80us,10.68ms,744.34us,9.79ms,14.62ms
imported/sherlock/before-holmes,count-spans,0.1.0 (rev 8e952148cc),rust/regex,1.12.2,,594933,41467,4.57s,65.96us,0.96us,72.16us,12.61us,63.67us,335.11us
imported/sherlock/before-after-holmes,count-spans,0.1.0 (rev 8e952148cc),rust/regex,1.12.2,,594933,43368,4.57s,63.55us,0.95us,68.99us,11.83us,61.36us,522.37us
imported/sherlock/holmes-cochar-watson,count-spans,0.1.0 (rev 8e952148cc),rust/regex,1.12.2,,594933,26229,4.57s,106.00us,1.03us,114.19us,25.30us,104.33us,3.31ms
imported/sherlock/holmes-coword-watson,count-spans,0.1.0 (rev 8e952148cc),rust/regex,1.12.2,,594933,5310,4.51s,555.89us,14.96us,564.87us,31.62us,536.75us,900.78us
imported/sherlock/quotes,count-spans,0.1.0 (rev 8e952148cc),rust/regex,1.12.2,,594933,7058,4.56s,414.80us,12.20us,424.88us,30.45us,397.71us,748.82us
imported/sherlock/line-boundary-sherlock-holmes,count-spans,0.1.0 (rev 8e952148cc),rust/regex,1.12.2,,594933,100873,4.68s,26.71us,450.00ns,29.58us,10.78us,25.44us,1.52ms
imported/sherlock/word-ending-n,count-spans,0.1.0 (rev 8e952148cc),rust/regex,1.12.2,,594933,1793,4.51s,1.62ms,47.47us,1.67ms,140.56us,1.55ms,2.82ms
imported/sherlock/repeated-class-negation,count-spans,0.1.0 (rev 8e952148cc),rust/regex,1.12.2,,594933,46654,4.57s,61.25us,640.00ns,64.13us,8.61us,59.54us,296.53us
imported/sherlock/ing-suffix,count-spans,0.1.0 (rev 8e952148cc),rust/regex,1.12.2,,594933,8493,4.51s,338.10us,8.72us,353.05us,37.60us,326.16us,638.69us
imported/sherlock/ing-suffix-limited-space,count-spans,0.1.0 (rev 8e952148cc),rust/regex,1.12.2,,594933,8263,4.56s,344.85us,13.29us,362.89us,46.58us,325.54us,1.17ms
opt/accelerate/whole-line,grep,0.1.0 (rev 8e952148cc),rust/regex,1.12.2,,7384531,275,4.56s,10.68ms,184.87us,10.91ms,843.83us,10.28ms,15.63ms
opt/accelerate/non-dna,count-spans,0.1.0 (rev 8e952148cc),rust/regex,1.12.2,,1016745,1630,4.51s,1.77ms,59.89us,1.84ms,199.10us,1.61ms,2.91ms
opt/backtrack/words-english,grep-captures,0.1.0 (rev 8e952148cc),rust/regex,1.12.2,,613357,374,4.51s,7.89ms,169.25us,8.04ms,488.01us,7.53ms,10.02ms
opt/backtrack/words-russian,grep-captures,0.1.0 (rev 8e952148cc),rust/regex,1.12.2,,613423,87,4.57s,34.34ms,699.38us,34.71ms,1.86ms,32.02ms,44.81ms
opt/fixed-length/too-small-ascii,count,0.1.0 (rev 8e952148cc),rust/regex,1.12.2,,6,1000000,1.52s,50.00ns,0.00ns,48.00ns,216.00ns,40.00ns,70.08us
opt/fixed-length/too-small-unicode,count,0.1.0 (rev 8e952148cc),rust/regex,1.12.2,,36,1000000,1.37s,50.00ns,0.00ns,47.00ns,258.00ns,40.00ns,210.88us
opt/fixed-length/too-big-ascii,count,0.1.0 (rev 8e952148cc),rust/regex,1.12.2,,52,1000000,1.58s,50.00ns,0.00ns,48.00ns,140.00ns,40.00ns,55.56us
opt/fixed-length/too-big-unicode,count,0.1.0 (rev 8e952148cc),rust/regex,1.12.2,,44,1000000,1.52s,50.00ns,0.00ns,48.00ns,202.00ns,40.00ns,114.00us
opt/fixed-length/go33484-1,count,0.1.0 (rev 8e952148cc),rust/regex,1.12.2,,10000,1000000,1.52s,50.00ns,0.00ns,47.00ns,130.00ns,40.00ns,50.68us
opt/fixed-length/go33484-2,count,0.1.0 (rev 8e952148cc),rust/regex,1.12.2,,10000,1000000,1.48s,50.00ns,0.00ns,48.00ns,181.00ns,40.00ns,80.72us
opt/fixed-length/go33484-3,count,0.1.0 (rev 8e952148cc),rust/regex,1.12.2,,1000,1000000,1.22s,50.00ns,0.00ns,49.00ns,222.00ns,40.00ns,127.96us
opt/literal-alt/one-pattern,count,0.1.0 (rev 8e952148cc),rust/regex,1.12.2,,123,1000000,2.03s,280.00ns,0.00ns,298.00ns,554.00ns,270.00ns,172.77us
opt/literal-alt/pattern-per-word,count,0.1.0 (rev 8e952148cc),rust/regex,1.12.2,,123,1000000,2.80s,550.00ns,10.00ns,615.00ns,751.00ns,500.00ns,192.58us
opt/nfa-sparse/small-repeated-class-bytes,count,0.1.0 (rev 8e952148cc),rust/regex,1.12.2,,96004,14,4.56s,215.67ms,2.70ms,215.83ms,3.19ms,210.43ms,221.74ms
opt/nfa-sparse/small-repeated-class-unicode,count,0.1.0 (rev 8e952148cc),rust/regex,1.12.2,,96004,14,4.61s,218.88ms,3.52ms,219.06ms,5.94ms,210.68ms,234.47ms
opt/onepass/fn-predicate,grep-captures,0.1.0 (rev 8e952148cc),rust/regex,1.12.2,,7384531,204,4.56s,14.45ms,397.75us,14.72ms,0.98ms,13.72ms,19.59ms
opt/onepass/first-three-words-english,grep-captures,0.1.0 (rev 8e952148cc),rust/regex,1.12.2,,613357,1101,4.51s,2.67ms,46.40us,2.73ms,200.28us,2.57ms,3.98ms
opt/onepass/first-three-words-russian,grep-captures,0.1.0 (rev 8e952148cc),rust/regex,1.12.2,,613423,1481,4.51s,1.99ms,44.09us,2.03ms,141.08us,1.91ms,4.40ms
opt/onepass/word-boundary-english,grep-captures,0.1.0 (rev 8e952148cc),rust/regex,1.12.2,,613357,1809,4.51s,1.58ms,45.07us,1.66ms,230.22us,1.50ms,6.56ms
opt/onepass/word-boundary-russian,grep-captures,0.1.0 (rev 8e952148cc),rust/regex,1.12.2,,613423,2473,4.51s,1.17ms,31.64us,1.21ms,118.49us,1.12ms,1.85ms
opt/prefilter/literal-english,count,0.1.0 (rev 8e952148cc),rust/regex,1.12.2,,613357,148854,4.73s,17.83us,280.00ns,20.03us,5.81us,17.35us,258.12us
opt/prefilter/literal-casei-english,count,0.1.0 (rev 8e952148cc),rust/regex,1.12.2,,613357,47129,4.58s,58.55us,1.26us,63.46us,11.43us,57.00us,466.05us
opt/prefilter/literal-russian,count,0.1.0 (rev 8e952148cc),rust/regex,1.12.2,,613423,148969,4.73s,18.31us,610.00ns,20.01us,5.46us,17.41us,203.01us
opt/prefilter/literal-casei-russian,count,0.1.0 (rev 8e952148cc),rust/regex,1.12.2,,613423,32514,4.57s,84.41us,1.23us,92.12us,15.54us,82.68us,435.48us
opt/prefilter/rust-functions,count-captures,0.1.0 (rev 8e952148cc),rust/regex,1.12.2,,7384531,3116,4.56s,929.65us,63.81us,0.96ms,120.20us,805.00us,1.52ms
opt/reverse-anchored/word-end,count-spans,0.1.0 (rev 8e952148cc),rust/regex,1.12.2,,1000001,1000000,1.62s,70.00ns,10.00ns,81.00ns,269.00ns,60.00ns,84.77us
opt/reverse-inner/holmes,count-spans,0.1.0 (rev 8e952148cc),rust/regex,1.12.2,,594933,44814,4.57s,62.50us,850.00ns,66.77us,11.01us,60.53us,311.11us
opt/reverse-inner/email,count-spans,0.1.0 (rev 8e952148cc),rust/regex,1.12.2,,7384531,19096,4.56s,145.22us,11.81us,156.87us,32.94us,125.16us,655.71us
opt/reverse-inner/factored-prefix,count-spans,0.1.0 (rev 8e952148cc),rust/regex,1.12.2,,594933,23262,4.57s,119.52us,2.33us,128.78us,17.93us,116.38us,475.68us
opt/reverse-inner/no-quadratic-backward,count-spans,0.1.0 (rev 8e952148cc),rust/regex,1.12.2,,8000,199841,4.73s,14.46us,0.00ns,14.90us,3.44us,14.44us,280.83us
opt/reverse-inner/no-quadratic-forward,count-spans,0.1.0 (rev 8e952148cc),rust/regex,1.12.2,,8000,100999,4.62s,28.81us,10.00ns,29.58us,4.21us,28.79us,213.46us
opt/reverse-suffix/holmes,count-spans,0.1.0 (rev 8e952148cc),rust/regex,1.12.2,,594933,42607,4.57s,66.13us,1.17us,70.25us,10.19us,63.87us,274.45us
opt/reverse-suffix/no-quadratic,count-spans,0.1.0 (rev 8e952148cc),rust/regex,1.12.2,,8000,198840,4.78s,14.49us,0.00ns,14.97us,3.40us,14.48us,302.18us
quickjs/literal-holmes,count,0.1.0 (rev 8e952148cc),quickjs/hybrid,0.1.0,,594933,97857,4.67s,28.19us,750.00ns,30.50us,6.94us,26.71us,443.10us
quickjs/literal-holmes,count,0.1.0 (rev 8e952148cc),quickjs/pure-rust,0.1.0,,594933,97437,4.67s,28.44us,860.00ns,30.65us,6.88us,27.24us,313.22us
quickjs/literal-holmes,count,0.1.0 (rev 8e952148cc),quickjs/c-engine,0.1.0,,594933,22,4.71s,136.38ms,1.79ms,138.35ms,6.81ms,132.69ms,167.02ms
quickjs/literal-holmes,count,0.1.0 (rev 8e952148cc),rust/regex,1.12.2,,594933,92764,4.63s,29.49us,870.00ns,32.19us,7.49us,28.19us,273.95us
quickjs/literal-the,count,0.1.0 (rev 8e952148cc),quickjs/hybrid,0.1.0,,594933,10482,4.56s,277.01us,4.90us,286.05us,22.72us,269.25us,725.86us
quickjs/literal-the,count,0.1.0 (rev 8e952148cc),quickjs/pure-rust,0.1.0,,594933,10257,4.56s,285.40us,9.12us,292.32us,22.90us,273.07us,1.01ms
quickjs/literal-the,count,0.1.0 (rev 8e952148cc),quickjs/c-engine,0.1.0,,594933,23,4.66s,131.24ms,1.96ms,131.35ms,2.32ms,128.21ms,136.38ms
quickjs/literal-the,count,0.1.0 (rev 8e952148cc),rust/regex,1.12.2,,594933,9363,4.56s,308.21us,9.39us,320.23us,30.60us,294.60us,646.97us
quickjs/class-digits,count,0.1.0 (rev 8e952148cc),quickjs/hybrid,0.1.0,,594933,183823,4.78s,14.60us,170.00ns,16.20us,4.57us,14.19us,254.94us
quickjs/class-digits,count,0.1.0 (rev 8e952148cc),quickjs/pure-rust,0.1.0,,594933,191108,4.79s,14.47us,80.00ns,15.58us,4.05us,14.16us,253.54us
quickjs/class-digits,count,0.1.0 (rev 8e952148cc),quickjs/c-engine,0.1.0,,594933,23,4.76s,135.18ms,1.17ms,135.70ms,2.29ms,131.68ms,141.61ms
quickjs/class-digits,count,0.1.0 (rev 8e952148cc),rust/regex,1.12.2,,594933,77235,4.62s,35.50us,840.00ns,38.69us,8.34us,34.15us,282.64us
quickjs/class-capital-word,count,0.1.0 (rev 8e952148cc),quickjs/hybrid,0.1.0,,594933,3805,4.53s,746.25us,26.56us,788.32us,149.22us,701.34us,7.66ms
quickjs/class-capital-word,count,0.1.0 (rev 8e952148cc),quickjs/pure-rust,0.1.0,,594933,4211,4.51s,700.75us,18.93us,712.28us,48.31us,657.96us,2.12ms
quickjs/class-capital-word,count,0.1.0 (rev 8e952148cc),quickjs/c-engine,0.1.0,,594933,23,4.71s,133.34ms,0.99ms,134.31ms,4.02ms,129.49ms,148.33ms
quickjs/class-capital-word,count,0.1.0 (rev 8e952148cc),rust/regex,1.12.2,,594933,1865,4.51s,1.58ms,26.47us,1.61ms,68.60us,1.53ms,2.10ms
quickjs/suffix-ing,count,0.1.0 (rev 8e952148cc),quickjs/hybrid,0.1.0,,594933,13887,4.56s,200.12us,4.05us,215.85us,30.55us,194.62us,718.86us
quickjs/suffix-ing,count,0.1.0 (rev 8e952148cc),quickjs/pure-rust,0.1.0,,594933,14085,4.57s,199.24us,5.12us,212.82us,28.59us,192.35us,494.82us
quickjs/suffix-ing,count,0.1.0 (rev 8e952148cc),quickjs/c-engine,0.1.0,,594933,7,4.86s,436.11ms,7.96ms,438.07ms,8.01ms,428.14ms,449.55ms
quickjs/suffix-ing,count,0.1.0 (rev 8e952148cc),rust/regex,1.12.2,,594933,7956,4.56s,362.28us,10.45us,376.90us,37.77us,346.90us,687.92us
quickjs/alternation-names,count,0.1.0 (rev 8e952148cc),quickjs/pure-rust,0.1.0,,594933,71157,4.62s,38.02us,1.86us,41.99us,9.34us,34.79us,281.82us
quickjs/alternation-names,count,0.1.0 (rev 8e952148cc),quickjs/c-engine,0.1.0,,594933,11,4.76s,289.51ms,4.79ms,291.65ms,7.23ms,281.57ms,306.55ms
quickjs/alternation-names,count,0.1.0 (rev 8e952148cc),rust/regex,1.12.2,,594933,42592,4.58s,65.21us,1.02us,70.24us,11.11us,63.83us,263.09us
quickjs/dotstar-quotes,count,0.1.0 (rev 8e952148cc),quickjs/hybrid,0.1.0,,594933,33617,4.57s,85.71us,830.00ns,89.04us,19.41us,83.40us,3.04ms
quickjs/dotstar-quotes,count,0.1.0 (rev 8e952148cc),quickjs/pure-rust,0.1.0,,594933,32775,4.57s,87.38us,920.00ns,91.33us,10.49us,85.34us,318.63us
quickjs/dotstar-quotes,count,0.1.0 (rev 8e952148cc),quickjs/c-engine,0.1.0,,594933,25,4.61s,117.64ms,903.03us,120.01ms,5.09ms,115.47ms,139.02ms
quickjs/dotstar-quotes,count,0.1.0 (rev 8e952148cc),rust/regex,1.12.2,,594933,14060,4.56s,201.25us,2.92us,213.20us,23.21us,196.72us,521.01us
reported/i1095-word-repetition/unicode-compile,compile,0.1.0 (rev 8e952148cc),rust/regex,1.12.2,,,30,4.66s,91.33ms,3.73ms,93.64ms,7.47ms,85.41ms,112.98ms
reported/i1095-word-repetition/unicode-search,count-spans,0.1.0 (rev 8e952148cc),rust/regex,1.12.2,,512,1585,4.61s,1.83ms,63.25us,1.89ms,275.69us,1.71ms,10.83ms
reported/i1095-word-repetition/ascii-compile,compile,0.1.0 (rev 8e952148cc),rust/regex,1.12.2,,,3050,4.51s,110.33us,7.88us,115.64us,18.46us,98.89us,328.19us
reported/i1095-word-repetition/ascii-search,count-spans,0.1.0 (rev 8e952148cc),rust/regex,1.12.2,,256,1000000,3.64s,1.03us,10.00ns,1.08us,869.00ns,1.00us,174.88us
reported/i13-subset-regex/original-ascii,count,0.1.0 (rev 8e952148cc),rust/regex,1.12.2,,16013977,500,4.56s,5.97ms,195.69us,6.00ms,334.18us,5.42ms,7.71ms
reported/i13-subset-regex/original-unicode,count,0.1.0 (rev 8e952148cc),rust/regex,1.12.2,,16013977,24,4.66s,126.25ms,2.43ms,127.57ms,6.73ms,120.21ms,154.71ms
reported/i13-subset-regex/big-ascii,count,0.1.0 (rev 8e952148cc),rust/regex,1.12.2,,16013977,7,5.01s,492.63ms,5.79ms,491.51ms,5.97ms,484.26ms,501.04ms
reported/i13-subset-regex/big-unicode,count,0.1.0 (rev 8e952148cc),rust/regex,1.12.2,,16013977,2,7.82s,2.76s,29.39ms,2.76s,29.39ms,2.73s,2.79s
reported/i13-subset-regex/huge-ascii,count,0.1.0 (rev 8e952148cc),rust/regex,1.12.2,,16013977,1,6.27s,3.04s,0.00ns,3.04s,0.00ns,3.04s,3.04s
reported/i13-subset-regex/huge-unicode,count,0.1.0 (rev 8e952148cc),rust/regex,1.12.2,,16013977,1,6.27s,3.09s,0.00ns,3.09s,0.00ns,3.09s,3.09s
reported/i13-subset-regex/huge-ascii-nosuffixlit,count,0.1.0 (rev 8e952148cc),rust/regex,1.12.2,,16013977,1,6.22s,3.05s,0.00ns,3.05s,0.00ns,3.05s,3.05s
reported/i13-subset-regex/huge-unicode-nosuffixlit,count,0.1.0 (rev 8e952148cc),rust/regex,1.12.2,,16013977,1,6.32s,3.12s,0.00ns,3.12s,0.00ns,3.12s,3.12s
reported/i787-keywords/compile,compile,0.1.0 (rev 8e952148cc),rust/regex,1.12.2,,,3227,4.51s,855.21us,49.56us,890.67us,103.13us,775.68us,1.36ms
reported/i787-keywords/ascii,count-spans,0.1.0 (rev 8e952148cc),rust/regex,1.12.2,,123141,2341,4.51s,1.24ms,42.84us,1.28ms,109.22us,1.18ms,1.86ms
reported/i787-keywords/unicode,count-spans,0.1.0 (rev 8e952148cc),rust/regex,1.12.2,,123141,2334,4.51s,1.25ms,41.70us,1.29ms,126.17us,1.18ms,4.05ms
reported/i787-keywords/opt-ascii,count-spans,0.1.0 (rev 8e952148cc),rust/regex,1.12.2,,123141,4615,4.51s,626.03us,27.70us,649.94us,70.70us,585.32us,2.15ms
reported/i787-keywords/opt-unicode,count-spans,0.1.0 (rev 8e952148cc),rust/regex,1.12.2,,123141,4687,4.52s,612.89us,20.82us,639.86us,88.71us,581.91us,3.40ms
reported/i988-cloudflare-compile/javascript-obfuscation,compile,0.1.0 (rev 8e952148cc),rust/regex,1.12.2,,,76519,4.62s,35.11us,380.00ns,38.04us,7.79us,34.29us,315.67us
reported/i988-cloudflare-compile/sql-injection,compile,0.1.0 (rev 8e952148cc),rust/regex,1.12.2,,,8014,4.52s,330.28us,13.69us,344.49us,36.97us,308.82us,789.57us
slow/quadratic-regex-1x,count,0.1.0 (rev 8e952148cc),rust/regex,1.12.2,,99,136622,4.68s,21.14us,370.00ns,21.84us,3.60us,20.73us,212.28us
slow/quadratic-regex-2x,count,0.1.0 (rev 8e952148cc),rust/regex,1.12.2,,198,37694,4.56s,77.31us,770.00ns,79.43us,6.93us,76.45us,270.47us
slow/quadratic-haystack-1x,count,0.1.0 (rev 8e952148cc),rust/regex,1.12.2,,100,269293,4.89s,10.55us,230.00ns,11.04us,2.63us,10.29us,295.59us
slow/quadratic-haystack-2x,count,0.1.0 (rev 8e952148cc),rust/regex,1.12.2,,200,74272,4.62s,38.95us,500.00ns,40.25us,5.72us,38.42us,322.77us
test/dot/default-new-line,count,0.1.0 (rev 8e952148cc),rust/regex,1.12.2,,1,1000000,1.63s,60.00ns,0.00ns,61.00ns,198.00ns,50.00ns,74.16us
test/dot/default-carriage-return,count,0.1.0 (rev 8e952148cc),rust/regex,1.12.2,,1,1000000,1.57s,60.00ns,0.00ns,67.00ns,223.00ns,50.00ns,92.93us
test/dot/dotall-new-line,count,0.1.0 (rev 8e952148cc),rust/regex,1.12.2,,1,1000000,1.63s,60.00ns,0.00ns,65.00ns,172.00ns,50.00ns,75.17us
test/dot/dotall-carriage-return,count,0.1.0 (rev 8e952148cc),rust/regex,1.12.2,,1,1000000,1.60s,70.00ns,10.00ns,74.00ns,322.00ns,50.00ns,119.95us
test/dot/multiline-new-line,count,0.1.0 (rev 8e952148cc),rust/regex,1.12.2,,1,1000000,1.58s,60.00ns,0.00ns,63.00ns,211.00ns,50.00ns,64.01us
test/dot/multiline-carriage-return,count,0.1.0 (rev 8e952148cc),rust/regex,1.12.2,,1,1000000,1.57s,60.00ns,0.00ns,65.00ns,299.00ns,50.00ns,124.81us
test/dot/dotall-multiline-new-line,count,0.1.0 (rev 8e952148cc),rust/regex,1.12.2,,1,1000000,1.53s,60.00ns,0.00ns,65.00ns,183.00ns,50.00ns,48.52us
test/dot/dotall-multiline-carriage-return,count,0.1.0 (rev 8e952148cc),rust/regex,1.12.2,,1,1000000,1.58s,60.00ns,0.00ns,70.00ns,278.00ns,50.00ns,69.86us
test/func/leftmost-first,count-spans,0.1.0 (rev 8e952148cc),rust/regex,1.12.2,,7,1000000,1.58s,70.00ns,0.00ns,76.00ns,285.00ns,60.00ns,166.17us
test/func/dollar-only-matches-end,count,0.1.0 (rev 8e952148cc),rust/regex,1.12.2,,2,1000000,1.68s,100.00ns,0.00ns,106.00ns,281.00ns,90.00ns,95.57us
test/func/non-greedy,count,0.1.0 (rev 8e952148cc),rust/regex,1.12.2,,3,1000000,1.78s,100.00ns,0.00ns,110.00ns,232.00ns,100.00ns,73.02us
test/model/count,count,0.1.0 (rev 8e952148cc),rust/regex,1.12.2,,37,1000000,1.78s,140.00ns,0.00ns,144.00ns,320.00ns,130.00ns,94.01us
test/model/count-spans,count-spans,0.1.0 (rev 8e952148cc),rust/regex,1.12.2,,37,1000000,1.83s,180.00ns,10.00ns,189.00ns,420.00ns,170.00ns,117.80us
test/model/count-captures,count-captures,0.1.0 (rev 8e952148cc),rust/regex,1.12.2,,37,1000000,1.58s,250.00ns,0.00ns,271.00ns,390.00ns,240.00ns,71.87us
test/model/grep,grep,0.1.0 (rev 8e952148cc),rust/regex,1.12.2,,13,1000000,1.68s,90.00ns,10.00ns,93.00ns,208.00ns,80.00ns,62.86us
test/model/grep-captures,grep-captures,0.1.0 (rev 8e952148cc),rust/regex,1.12.2,,20,1000000,2.74s,610.00ns,10.00ns,676.00ns,903.00ns,580.00ns,182.30us
test/model/compile,compile,0.1.0 (rev 8e952148cc),rust/regex,1.12.2,,,98667,4.67s,26.70us,330.00ns,29.13us,33.04us,25.76us,7.19ms
test/unicode/case/ascii-only,count,0.1.0 (rev 8e952148cc),rust/regex,1.12.2,,2,1000000,1.63s,50.00ns,0.00ns,56.00ns,204.00ns,40.00ns,95.23us
test/unicode/case/ascii-with-unicode,count,0.1.0 (rev 8e952148cc),rust/regex,1.12.2,,2,1000000,1.54s,70.00ns,0.00ns,71.00ns,231.00ns,60.00ns,96.18us
test/unicode/case/unicode,count,0.1.0 (rev 8e952148cc),rust/regex,1.12.2,,2,1000000,1.57s,70.00ns,0.00ns,73.00ns,246.00ns,60.00ns,162.34us
test/unicode/decimal/ascii-only,count,0.1.0 (rev 8e952148cc),rust/regex,1.12.2,,3,1000000,1.53s,50.00ns,0.00ns,57.00ns,220.00ns,50.00ns,87.69us
test/unicode/decimal/unicode,count,0.1.0 (rev 8e952148cc),rust/regex,1.12.2,,3,1000000,1.58s,70.00ns,10.00ns,76.00ns,298.00ns,60.00ns,134.00us
test/unicode/invalid-utf8/dot-matches-xFF,count,0.1.0 (rev 8e952148cc),rust/regex,1.12.2,,1,1000000,1.58s,60.00ns,0.00ns,68.00ns,185.00ns,50.00ns,60.64us
test/unicode/invalid-utf8/dot-no-matches-xFF,count,0.1.0 (rev 8e952148cc),rust/regex,1.12.2,,1,1000000,1.53s,60.00ns,0.00ns,65.00ns,204.00ns,50.00ns,86.09us
test/unicode/invalid-utf8/dot-matches-codepoint-prefix,count,0.1.0 (rev 8e952148cc),rust/regex,1.12.2,,3,1000000,1.69s,100.00ns,0.00ns,116.00ns,337.00ns,100.00ns,144.92us
test/unicode/invalid-utf8/dot-no-matches-codepoint-prefix,count,0.1.0 (rev 8e952148cc),rust/regex,1.12.2,,3,1000000,1.48s,60.00ns,0.00ns,64.00ns,211.00ns,50.00ns,89.05us
test/unicode/invalid-utf8/xFF-matches-xFF,count,0.1.0 (rev 8e952148cc),rust/regex,1.12.2,,1,1000000,1.53s,50.00ns,0.00ns,53.00ns,139.00ns,40.00ns,44.94us
test/unicode/letter/pL-matches-bmp-delta,count,0.1.0 (rev 8e952148cc),rust/regex,1.12.2,,2,1000000,1.58s,60.00ns,0.00ns,67.00ns,222.00ns,60.00ns,159.01us
test/unicode/letter/pLbraced-matches-bmp-delta,count,0.1.0 (rev 8e952148cc),rust/regex,1.12.2,,2,1000000,1.58s,60.00ns,0.00ns,68.00ns,277.00ns,60.00ns,110.87us
test/unicode/letter/pLbraced-matches-nonbmp-delta,count,0.1.0 (rev 8e952148cc),rust/regex,1.12.2,,4,1000000,1.52s,70.00ns,10.00ns,70.00ns,218.00ns,60.00ns,94.37us
test/unicode/letter/pLetter-matches-bmp-delta,count,0.1.0 (rev 8e952148cc),rust/regex,1.12.2,,2,1000000,1.58s,60.00ns,0.00ns,70.00ns,216.00ns,60.00ns,93.29us
test/unicode/letter/pLetter-casei-matches-bmp-delta,count,0.1.0 (rev 8e952148cc),rust/regex,1.12.2,,2,1000000,1.52s,60.00ns,0.00ns,68.00ns,202.00ns,60.00ns,77.03us
test/unicode/letter/pLetter-gc-equals-matches-bmp-delta,count,0.1.0 (rev 8e952148cc),rust/regex,1.12.2,,2,1000000,1.18s,60.00ns,0.00ns,67.00ns,245.00ns,60.00ns,69.64us
test/unicode/letter/pLetter-gc-colon-matches-bmp-delta,count,0.1.0 (rev 8e952148cc),rust/regex,1.12.2,,2,1000000,1.22s,60.00ns,0.00ns,68.00ns,197.00ns,60.00ns,70.54us
test/unicode/utf8/dot-matches-byte,count,0.1.0 (rev 8e952148cc),rust/regex,1.12.2,,4,1000000,1.73s,130.00ns,0.00ns,139.00ns,311.00ns,120.00ns,83.19us
test/unicode/utf8/dot-matches-codepoint,count,0.1.0 (rev 8e952148cc),rust/regex,1.12.2,,4,1000000,1.53s,60.00ns,0.00ns,67.00ns,210.00ns,60.00ns,72.75us
test/unicode/whitespace/ascii-only,count,0.1.0 (rev 8e952148cc),rust/regex,1.12.2,,3,1000000,1.58s,60.00ns,10.00ns,61.00ns,298.00ns,50.00ns,111.84us
test/unicode/whitespace/unicode,count,0.1.0 (rev 8e952148cc),rust/regex,1.12.2,,3,1000000,1.65s,60.00ns,0.00ns,69.00ns,182.00ns,60.00ns,72.49us
test/unicode/word-boundary/ascii-only,count,0.1.0 (rev 8e952148cc),rust/regex,1.12.2,,2,1000000,1.65s,60.00ns,0.00ns,65.00ns,287.00ns,50.00ns,187.07us
test/unicode/word-boundary/unicode-alphabetic,count,0.1.0 (rev 8e952148cc),rust/regex,1.12.2,,2,1000000,2.68s,560.00ns,10.00ns,606.00ns,680.00ns,530.00ns,140.06us
test/unicode/word-boundary/unicode-join-control,count,0.1.0 (rev 8e952148cc),rust/regex,1.12.2,,3,1000000,2.64s,600.00ns,10.00ns,685.00ns,906.00ns,570.00ns,205.26us
test/unicode/word-boundary/unicode-mark,count,0.1.0 (rev 8e952148cc),rust/regex,1.12.2,,2,1000000,2.59s,560.00ns,10.00ns,602.00ns,742.00ns,530.00ns,192.04us
test/unicode/word-boundary/unicode-decimal-number,count,0.1.0 (rev 8e952148cc),rust/regex,1.12.2,,3,1000000,2.73s,590.00ns,10.00ns,654.00ns,675.00ns,560.00ns,126.52us
test/unicode/word-boundary/unicode-connector-punctuation,count,0.1.0 (rev 8e952148cc),rust/regex,1.12.2,,3,1000000,2.85s,590.00ns,10.00ns,662.00ns,946.00ns,560.00ns,573.29us
test/unicode/word/ascii-only,count,0.1.0 (rev 8e952148cc),rust/regex,1.12.2,,2,1000000,1.53s,60.00ns,0.00ns,68.00ns,222.00ns,50.00ns,79.96us
test/unicode/word/unicode-alphabetic,count,0.1.0 (rev 8e952148cc),rust/regex,1.12.2,,2,1000000,1.67s,60.00ns,0.00ns,67.00ns,249.00ns,60.00ns,122.04us
test/unicode/word/unicode-join-control,count,0.1.0 (rev 8e952148cc),rust/regex,1.12.2,,3,1000000,1.58s,70.00ns,10.00ns,70.00ns,265.00ns,60.00ns,110.65us
test/unicode/word/unicode-mark,count,0.1.0 (rev 8e952148cc),rust/regex,1.12.2,,2,1000000,1.58s,60.00ns,0.00ns,66.00ns,215.00ns,60.00ns,115.12us
test/unicode/word/unicode-decimal-number,count,0.1.0 (rev 8e952148cc),rust/regex,1.12.2,,3,1000000,1.62s,70.00ns,10.00ns,68.00ns,233.00ns,60.00ns,144.50us
test/unicode/word/unicode-connector-punctuation,count,0.1.0 (rev 8e952148cc),rust/regex,1.12.2,,3,1000000,1.62s,60.00ns,0.00ns,66.00ns,128.00ns,60.00ns,52.43us
unicode/codepoints/any-one,count,0.1.0 (rev 8e952148cc),rust/regex,1.12.2,,4382592,97,4.56s,30.44ms,861.67us,31.07ms,1.91ms,28.97ms,37.85ms
unicode/codepoints/any-all,count-spans,0.1.0 (rev 8e952148cc),rust/regex,1.12.2,,4382592,174,4.56s,17.28ms,132.74us,17.34ms,257.60us,16.91ms,18.91ms
unicode/codepoints/letters-one,count,0.1.0 (rev 8e952148cc),rust/regex,1.12.2,,4382592,4,5.77s,938.34ms,12.05ms,938.94ms,14.91ms,919.03ms,0.96s
unicode/codepoints/letters-alt,count,0.1.0 (rev 8e952148cc),rust/regex,1.12.2,,4382592,4,5.77s,945.95ms,4.59ms,948.18ms,8.06ms,939.91ms,0.96s
unicode/codepoints/letters-lower-or-upper,count,0.1.0 (rev 8e952148cc),rust/regex,1.12.2,,4382592,359,4.56s,8.34ms,100.90us,8.38ms,167.60us,8.02ms,8.97ms
unicode/codepoints/contiguous-greek,count,0.1.0 (rev 8e952148cc),rust/regex,1.12.2,,4382592,371,4.56s,8.06ms,64.85us,8.09ms,129.17us,7.92ms,8.96ms
unicode/compile/one-letter,compile,0.1.0 (rev 8e952148cc),rust/regex,1.12.2,,,7551,4.51s,351.57us,11.14us,365.25us,34.16us,325.07us,712.51us
unicode/compile/fifty-letters,compile,0.1.0 (rev 8e952148cc),rust/regex,1.12.2,,,167,4.56s,16.83ms,511.70us,17.00ms,890.07us,15.74ms,20.63ms
unicode/compile/fifty-letters-ascii,compile,0.1.0 (rev 8e952148cc),rust/regex,1.12.2,,,35757,4.57s,25.81us,1.58us,29.87us,19.45us,23.51us,3.32ms
unicode/compile/match-every-line,compile,0.1.0 (rev 8e952148cc),rust/regex,1.12.2,,,18584,4.57s,149.47us,8.48us,159.70us,25.19us,133.52us,472.57us
unicode/compile/match-every-line-ascii,compile,0.1.0 (rev 8e952148cc),rust/regex,1.12.2,,,105700,4.67s,24.77us,330.00ns,27.08us,6.39us,24.12us,218.09us
unicode/compile/negated-class-matches-codepoint,compile,0.1.0 (rev 8e952148cc),rust/regex,1.12.2,,,22768,4.57s,124.23us,9.00us,130.43us,21.79us,107.43us,1.57ms
unicode/overlapping-words/ascii,grep-captures,0.1.0 (rev 8e952148cc),rust/regex,1.12.2,,61436,1121,4.51s,2.64ms,42.73us,2.68ms,112.62us,2.56ms,3.40ms
unicode/overlapping-words/english,grep-captures,0.1.0 (rev 8e952148cc),rust/regex,1.12.2,,61436,113,4.61s,26.41ms,684.61us,26.77ms,1.48ms,25.07ms,35.84ms
unicode/overlapping-words/russian,grep-captures,0.1.0 (rev 8e952148cc),rust/regex,1.12.2,,61403,119,4.61s,24.40ms,1.12ms,25.24ms,2.34ms,22.49ms,31.98ms
unicode/word/boundary-any-english,count-spans,0.1.0 (rev 8e952148cc),rust/regex,1.12.2,,613357,284,4.57s,10.37ms,214.88us,10.60ms,634.67us,9.99ms,13.96ms
unicode/word/boundary-any-russian,count-spans,0.1.0 (rev 8e952148cc),rust/regex,1.12.2,,613423,41,4.56s,72.39ms,1.36ms,73.24ms,2.11ms,70.02ms,78.04ms
unicode/word/boundary-long-english,count-spans,0.1.0 (rev 8e952148cc),rust/regex,1.12.2,,613357,2587,4.52s,1.15ms,18.20us,1.16ms,35.64us,1.12ms,1.47ms
unicode/word/boundary-long-russian,count-spans,0.1.0 (rev 8e952148cc),rust/regex,1.12.2,,613423,63,4.62s,46.74ms,897.25us,47.99ms,3.23ms,43.82ms,59.79ms
unicode/word/around-holmes-english,count-spans,0.1.0 (rev 8e952148cc),rust/regex,1.12.2,,613357,150994,4.73s,18.59us,390.00ns,19.74us,4.86us,18.00us,228.50us
unicode/word/around-holmes-russian,count-spans,0.1.0 (rev 8e952148cc),rust/regex,1.12.2,,613423,54,4.56s,56.35ms,1.53ms,56.33ms,1.92ms,53.24ms,60.74ms
wild/bibleref/compile,compile,0.1.0 (rev 8e952148cc),rust/regex,1.12.2,,,3523,4.51s,762.66us,44.98us,791.34us,87.79us,688.45us,1.33ms
wild/bibleref/long,count-captures,0.1.0 (rev 8e952148cc),rust/regex,1.12.2,,613357,2385,4.51s,1.24ms,23.67us,1.26ms,51.40us,1.21ms,2.03ms
wild/bibleref/short,count-captures,0.1.0 (rev 8e952148cc),rust/regex,1.12.2,,43,1000000,5.74s,2.75us,10.00ns,2.91us,1.43us,2.71us,272.42us
wild/bibleref/line,grep-captures,0.1.0 (rev 8e952148cc),rust/regex,1.12.2,,613357,1489,4.52s,1.96ms,83.58us,2.01ms,188.32us,1.80ms,2.91ms
wild/caddy/caddy,count-captures,0.1.0 (rev 8e952148cc),rust/regex,1.12.2,,107,1000000,2.59s,500.00ns,10.00ns,556.00ns,1.63us,480.00ns,1.47ms
wild/dot-star-capture/rust-src-tools,count-captures,0.1.0 (rev 8e952148cc),rust/regex,1.12.2,,7384531,111,4.56s,27.03ms,575.98us,27.26ms,1.22ms,25.69ms,34.33ms
wild/grapheme/compile,compile,0.1.0 (rev 8e952148cc),rust/regex,1.12.2,,,3365,4.51s,818.68us,37.38us,845.69us,106.17us,755.08us,4.81ms
wild/grapheme/source-code,count,0.1.0 (rev 8e952148cc),rust/regex,1.12.2,,7384531,18,4.56s,166.76ms,4.93ms,167.67ms,6.35ms,159.40ms,179.72ms
wild/grapheme/codepoints,count,0.1.0 (rev 8e952148cc),rust/regex,1.12.2,,4382592,108,4.56s,27.35ms,0.96ms,28.02ms,2.27ms,25.69ms,38.91ms
wild/parol-veryl/ascii,count-captures,0.1.0 (rev 8e952148cc),rust/regex,1.12.2,,150600,55,4.56s,54.43ms,404.08us,54.72ms,1.01ms,52.95ms,58.22ms
wild/parol-veryl/unicode,count-captures,0.1.0 (rev 8e952148cc),rust/regex,1.12.2,,150600,50,4.56s,58.94ms,919.28us,60.50ms,4.43ms,56.69ms,75.07ms
wild/parol-veryl/multi-patternid-ascii,count-spans,0.1.0 (rev 8e952148cc),rust/regex,1.12.2,,150600,684,4.52s,4.26ms,110.51us,4.39ms,495.27us,4.00ms,7.53ms
wild/parol-veryl/multi-captures-ascii,count-captures,0.1.0 (rev 8e952148cc),rust/regex,1.12.2,,150600,185,4.56s,16.03ms,540.83us,16.27ms,0.98ms,14.91ms,20.60ms
wild/ruff/whitespace-around-keywords,grep-captures,0.1.0 (rev 8e952148cc),rust/regex,1.12.2,,32514526,13,4.66s,232.30ms,7.29ms,232.29ms,9.83ms,219.23ms,256.17ms
wild/ruff/noqa,grep-captures,0.1.0 (rev 8e952148cc),rust/regex,1.12.2,,32514526,67,4.61s,43.98ms,806.93us,44.81ms,2.24ms,42.49ms,55.20ms
wild/ruff/unnecessary-coding-comment,grep,0.1.0 (rev 8e952148cc),rust/regex,1.12.2,,32514526,66,4.66s,44.77ms,1.19ms,46.11ms,4.28ms,42.30ms,65.57ms
wild/ruff/string-quote-prefix,grep-captures,0.1.0 (rev 8e952148cc),rust/regex,1.12.2,,32514526,79,4.61s,37.44ms,775.53us,38.27ms,2.74ms,35.74ms,50.03ms
wild/ruff/space-around-operator,grep-captures,0.1.0 (rev 8e952148cc),rust/regex,1.12.2,,32514526,19,4.76s,157.54ms,3.01ms,158.16ms,4.65ms,151.93ms,170.03ms
wild/ruff/shebang,grep-captures,0.1.0 (rev 8e952148cc),rust/regex,1.12.2,,32514526,41,4.61s,72.70ms,1.05ms,73.33ms,2.31ms,69.62ms,82.10ms
wild/rustsec-cargo-audit/original-unix,count-captures,0.1.0 (rev 8e952148cc),rust/regex,1.12.2,,5266960,7371,4.57s,385.98us,23.73us,406.75us,91.12us,351.16us,4.64ms
wild/rustsec-cargo-audit/original-windows,count-captures,0.1.0 (rev 8e952148cc),rust/regex,1.12.2,,4644864,8160,4.57s,353.25us,15.72us,367.46us,41.21us,331.39us,911.49us
wild/rustsec-cargo-audit/both-slashes,count-captures,0.1.0 (rev 8e952148cc),rust/regex,1.12.2,,5266960,7578,4.56s,375.63us,16.84us,395.66us,52.65us,351.69us,735.04us
wild/rustsec-cargo-audit/both-alternate,count-captures,0.1.0 (rev 8e952148cc),rust/regex,1.12.2,,5266960,7491,4.56s,383.81us,19.97us,400.28us,49.30us,351.55us,787.27us
wild/url/compile,compile,0.1.0 (rev 8e952148cc),rust/regex,1.12.2,,,337,4.52s,8.20ms,312.00us,8.41ms,750.26us,7.31ms,12.10ms
wild/url/search,count-spans,0.1.0 (rev 8e952148cc),rust/regex,1.12.2,,7384531,14,4.56s,211.79ms,2.81ms,214.37ms,6.35ms,208.16ms,229.28ms
